,PersonID,FullName,PhoneNumber,FaxNumber,EmailAddress
0,1,Data Conversion Only,,,
1,2,Kayla Woodcock,(415) 555-0102,(415) 555-0103,kaylaw@wideworldimporters.com
2,3,Hudson Onslow,(415) 555-0102,(415) 555-0103,hudsono@wideworldimporters.com
3,4,Isabella Rupp,(415) 555-0102,(415) 555-0103,isabellar@wideworldimporters.com
4,5,Eva Muirden,(415) 555-0102,(415) 555-0103,evam@wideworldimporters.com
5,6,Sophia Hinton,(415) 555-0102,(415) 555-0103,sophiah@wideworldimporters.com
6,7,Amy Trefl,(415) 555-0102,(415) 555-0103,amyt@wideworldimporters.com
7,8,Anthony Grosse,(415) 555-0102,(415) 555-0103,anthonyg@wideworldimporters.com
8,9,Alica Fatnowna,(415) 555-0102,(415) 555-0103,alicaf@wideworldimporters.com
9,10,Stella Rosenhain,(415) 555-0102,(415) 555-0103,stellar@wideworldimporters.com
10,11,Ethan Onslow,(415) 555-0102,(415) 555-0103,ethano@wideworldimporters.com
11,12,Henry Forlonge,(415) 555-0102,(415) 555-0103,henryf@wideworldimporters.com
12,13,Hudson Hollinworth,(415) 555-0102,(415) 555-0103,hudsonh@wideworldimporters.com
13,14,Lily Code,(415) 555-0102,(415) 555-0103,lilyc@wideworldimporters.com
14,15,Taj Shand,(415) 555-0102,(415) 555-0103,tajs@wideworldimporters.com
15,16,Archer Lamble,(415) 555-0102,(415) 555-0103,archerl@wideworldimporters.com
16,17,Piper Koch,(415) 555-0102,(415) 555-0103,piperk@wideworldimporters.com
17,18,Katie Darwin,(415) 555-0102,(415) 555-0103,katied@wideworldimporters.com
18,19,Jai Shand,(415) 555-0102,(415) 555-0103,jais@wideworldimporters.com
19,20,Jack Potter,(415) 555-0102,(415) 555-0103,jackp@wideworldimporters.com
20,21,Reio Kabin,(847) 555-0100,(847) 555-0101,reio@adatum.com
21,22,Oliver Kivi,(847) 555-0100,(847) 555-0101,olly@adatum.com
22,23,Hanna Mihhailov,(360) 555-0100,(360) 555-0101,hannam@contoso.com
23,24,Paulus Lippmaa,(360) 555-0100,(360) 555-0101,paulusl@contoso.com
24,25,Kerstin Parn,(415) 555-0100,(415) 555-0101,kerstin@consolidatedmessenger.com
25,26,Helen Ahven,(415) 555-0100,(415) 555-0101,helen@consolidatedmessenger.com
26,27,Bill Lawson,(203) 555-0107,(203) 555-0107,billl@fabrikam.com
27,28,Helen Moore,(203) 555-0104,(203) 555-0107,helenm@fabrikam.com
28,29,Penny Buck,(406) 555-0107,(406) 555-0109,pennyb@graphicdesigninstitute.com
29,30,Donna Smith,(406) 555-0101,(406) 555-0109,donnas@graphicdesigninstitute.com
30,31,Madelaine  Cartier,(423) 555-0101,(423) 555-0100,madelainec@humongousinsurance.com
31,32,Annette Talon,(423) 555-0106,(423) 555-0100,annettet@humongousinsurance.com
32,33,Elias Myllari,(209) 555-0101,(209) 555-0106,eliasm@litwareinc.com
33,34,Vilma Niva,(209) 555-0103,(209) 555-0106,vilman@litwareinc.com
34,35,Prem Prabhu,(423) 555-0102,(423) 555-0108,premp@lucernepublishing.com
35,36,Sunita Jadhav,(423) 555-0101,(423) 555-0108,sunitaj@lucernepublishing.com
36,37,Marcos Costa,(252) 555-0106,(252) 555-0101,marcosc@nodpublishers.com
37,38,Matheus Oliveira,(252) 555-0107,(252) 555-0101,matheuso@nodpublishers.com
38,39,Eliza Soderberg,(201) 555-0101,(201) 555-0106,elizas@northwindelectriccars.com
39,40,Sara Karlsson,(201) 555-0100,(201) 555-0106,sarak@northwindelectriccars.com
40,41,Donald Jones,(605) 555-0101,(605) 555-0101,donaldj@treyresearch.net
41,42,Sharon Graham,(605) 555-0106,(605) 555-0101,sharong@treyresearch.net
42,43,Hai Dam,(218) 555-0101,(218) 555-0108,haid@thephone-company.com
43,44,Thanh Dinh,(218) 555-0104,(218) 555-0108,thanhd@thephone-company.com
44,45,Hubert Helms,(415) 555-0103,(415) 555-0104,huberth@woodgrovebank.com
45,46,Donald Small,(415) 555-0105,(415) 555-0104,donalds@woodgrovebank.com
46,1001,Waldemar Fisar,(308) 555-0100,(308) 555-0101,waldemar@tailspintoys.com
47,1002,Laimonis Berzins,(308) 555-0100,(308) 555-0101,laimonis@tailspintoys.com
48,1003,Lorena Cindric,(406) 555-0100,(406) 555-0101,lorena@tailspintoys.com
49,1004,Hung Van Groesen,(406) 555-0100,(406) 555-0101,hung@tailspintoys.com
50,1005,Bhaargav Rambhatla,(480) 555-0100,(480) 555-0101,bhaargav@tailspintoys.com
51,1006,Mudar Jevtic,(480) 555-0100,(480) 555-0101,mudar@tailspintoys.com
52,1007,Daniel Roman,(316) 555-0100,(316) 555-0101,daniel@tailspintoys.com
53,1008,Leyla Radnia,(316) 555-0100,(316) 555-0101,leyla@tailspintoys.com
54,1009,Johanna Huiting,(212) 555-0100,(212) 555-0101,johanna@tailspintoys.com
55,1010,Robert Ruutli,(212) 555-0100,(212) 555-0101,robert@tailspintoys.com
56,1011,Biswajeet Thakur,(701) 555-0100,(701) 555-0101,biswajeet@tailspintoys.com
57,1012,Radha Shah,(701) 555-0100,(701) 555-0101,radha@tailspintoys.com
58,1013,Kalidas Nadar,(423) 555-0100,(423) 555-0101,kalidas@tailspintoys.com
59,1014,Filip Nedvidek,(423) 555-0100,(423) 555-0101,filip@tailspintoys.com
60,1015,Kanti Kotadia,(303) 555-0100,(303) 555-0101,kanti@tailspintoys.com
61,1016,Hoa Cu,(303) 555-0100,(303) 555-0101,hoa@tailspintoys.com
62,1017,Sointu Aalto,(201) 555-0100,(201) 555-0101,sointu@tailspintoys.com
63,1018,Jae-Gon Min,(201) 555-0100,(201) 555-0101,jae-gon@tailspintoys.com
64,1019,Siddhartha Parkar,(701) 555-0100,(701) 555-0101,siddhartha@tailspintoys.com
65,1020,Paula Matos,(701) 555-0100,(701) 555-0101,paula@tailspintoys.com
66,1021,Elnaz Javan,(215) 555-0100,(215) 555-0101,elnaz@tailspintoys.com
67,1022,Jayashish Ghatak,(215) 555-0100,(215) 555-0101,jayashish@tailspintoys.com
68,1023,Heloisa Fernandes,(218) 555-0100,(218) 555-0101,heloisa@tailspintoys.com
69,1024,Amornrat Rattanaporn,(218) 555-0100,(218) 555-0101,amornrat@tailspintoys.com
70,1025,Razeena Hosseini,(217) 555-0100,(217) 555-0101,razeena@tailspintoys.com
71,1026,Leticia Ribeiro,(217) 555-0100,(217) 555-0101,leticia@tailspintoys.com
72,1027,Tereza Valentova,(240) 555-0100,(240) 555-0101,tereza@tailspintoys.com
73,1028,Brijesh Ganguly,(240) 555-0100,(240) 555-0101,brijesh@tailspintoys.com
74,1029,Filips Jaunzems,(210) 555-0100,(210) 555-0101,filips@tailspintoys.com
75,1030,Bharati Bhowmick,(210) 555-0100,(210) 555-0101,bharati@tailspintoys.com
76,1031,Nitin Matondkar,(314) 555-0100,(314) 555-0101,nitin@tailspintoys.com
77,1032,Joy Dutta,(314) 555-0100,(314) 555-0101,joy@tailspintoys.com
78,1033,Adam Kubat,(216) 555-0100,(216) 555-0101,adam@tailspintoys.com
79,1034,Gulzar Naidu,(216) 555-0100,(216) 555-0101,gulzar@tailspintoys.com
80,1035,Isabelle Vodlan,(603) 555-0100,(603) 555-0101,isabelle@tailspintoys.com
81,1036,Prakash Sarma,(603) 555-0100,(603) 555-0101,prakash@tailspintoys.com
82,1037,Mithun Bhattacharya,(907) 555-0100,(907) 555-0101,mithun@tailspintoys.com
83,1038,Sandhya Raju,(907) 555-0100,(907) 555-0101,sandhya@tailspintoys.com
84,1039,Nghi Hua,(206) 555-0100,(206) 555-0101,nghi@tailspintoys.com
85,1040,Ravindra Parkar,(206) 555-0100,(206) 555-0101,ravindra@tailspintoys.com
86,1041,Duleep Raju,(215) 555-0100,(215) 555-0101,duleep@tailspintoys.com
87,1042,Vlatka Duvnjak,(215) 555-0100,(215) 555-0101,vlatka@tailspintoys.com
88,1043,Cristina Longo,(239) 555-0100,(239) 555-0101,cristina@tailspintoys.com
89,1044,Antonio Lucchese,(239) 555-0100,(239) 555-0101,antonio@tailspintoys.com
90,1045,Hang Tang,(907) 555-0100,(907) 555-0101,hang@tailspintoys.com
91,1046,Hong Ang,(907) 555-0100,(907) 555-0101,hong@tailspintoys.com
92,1047,Intira Mookjai,(252) 555-0100,(252) 555-0101,intira@tailspintoys.com
93,1048,Young-Tae Kim,(252) 555-0100,(252) 555-0101,young-tae@tailspintoys.com
94,1049,Sulabha Khalsa,(209) 555-0100,(209) 555-0101,sulabha@tailspintoys.com
95,1050,Alessandro Milano,(209) 555-0100,(209) 555-0101,alessandro@tailspintoys.com
96,1051,Dhanishta Majji,(319) 555-0100,(319) 555-0101,dhanishta@tailspintoys.com
97,1052,Nils Podnieks,(319) 555-0100,(319) 555-0101,nils@tailspintoys.com
98,1053,Paula Gonzales,(218) 555-0100,(218) 555-0101,paula@tailspintoys.com
99,1054,Chetana Dewangan,(218) 555-0100,(218) 555-0101,chetana@tailspintoys.com
100,1055,Tatjana Utjesenovic,(212) 555-0100,(212) 555-0101,tatjana@tailspintoys.com
101,1056,Theresa Boose,(212) 555-0100,(212) 555-0101,theresa@tailspintoys.com
102,1057,Karel Hanak,(205) 555-0100,(205) 555-0101,karel@tailspintoys.com
103,1058,Fernanda Fierro,(205) 555-0100,(205) 555-0101,fernanda@tailspintoys.com
104,1059,Odessa Schneider,(206) 555-0100,(206) 555-0101,odessa@tailspintoys.com
105,1060,Konrads Sprogis,(206) 555-0100,(206) 555-0101,konrads@tailspintoys.com
106,1061,Kimberly Pace,(206) 555-0100,(206) 555-0101,kimberly@tailspintoys.com
107,1062,Shobha Gupta,(206) 555-0100,(206) 555-0101,shobha@tailspintoys.com
108,1063,Nikolajs Kalejs,(210) 555-0100,(210) 555-0101,nikolajs@tailspintoys.com
109,1064,Philippe Lamy,(210) 555-0100,(210) 555-0101,philippe@tailspintoys.com
110,1065,Haasini Rai,(803) 555-0100,(803) 555-0101,haasini@tailspintoys.com
111,1066,Viktorie Melicharova,(803) 555-0100,(803) 555-0101,viktorie@tailspintoys.com
112,1067,Anjali Asthana,(210) 555-0100,(210) 555-0101,anjali@tailspintoys.com
113,1068,Hanuman Negi,(210) 555-0100,(210) 555-0101,hanuman@tailspintoys.com
114,1069,Shah Omidi,(304) 555-0100,(304) 555-0101,shah@tailspintoys.com
115,1070,Chandra Mittal,(304) 555-0100,(304) 555-0101,chandra@tailspintoys.com
116,1071,Ferhat Celik,(270) 555-0100,(270) 555-0101,ferhat@tailspintoys.com
117,1072,Leyla Celik,(270) 555-0100,(270) 555-0101,leyla@tailspintoys.com
118,1073,Dayarama Kamei,(458) 555-0100,(458) 555-0101,dayarama@tailspintoys.com
119,1074,Elisabeth Flamand,(458) 555-0100,(458) 555-0101,elisabeth@tailspintoys.com
120,1075,Nils Kalnins,(314) 555-0100,(314) 555-0101,nils@tailspintoys.com
121,1076,Rajiv Kotadia,(314) 555-0100,(314) 555-0101,rajiv@tailspintoys.com
122,1077,Ashish Acharya,(270) 555-0100,(270) 555-0101,ashish@tailspintoys.com
123,1078,Filip Sedlar,(270) 555-0100,(270) 555-0101,filip@tailspintoys.com
124,1079,Alena Prikrylova,(210) 555-0100,(210) 555-0101,alena@tailspintoys.com
125,1080,Catina Bojin,(210) 555-0100,(210) 555-0101,catina@tailspintoys.com
126,1081,Lana Rozej,(314) 555-0100,(314) 555-0101,lana@tailspintoys.com
127,1082,Kalpana Mukherjee,(314) 555-0100,(314) 555-0101,kalpana@tailspintoys.com
128,1083,Chandrakanta Raut,(212) 555-0100,(212) 555-0101,chandrakanta@tailspintoys.com
129,1084,Ivan Castellanos,(212) 555-0100,(212) 555-0101,ivan@tailspintoys.com
130,1085,Ganapati Gadiyaram,(206) 555-0100,(206) 555-0101,ganapati@tailspintoys.com
131,1086,Parsa Blijleven,(206) 555-0100,(206) 555-0101,parsa@tailspintoys.com
132,1087,Adrijana Blagojevic,(206) 555-0100,(206) 555-0101,adrijana@tailspintoys.com
133,1088,Lina Martins,(206) 555-0100,(206) 555-0101,lina@tailspintoys.com
134,1089,Lap Dinh,(240) 555-0100,(240) 555-0101,lap@tailspintoys.com
135,1090,August Astrom,(240) 555-0100,(240) 555-0101,august@tailspintoys.com
136,1091,Didem ozCelik,(205) 555-0100,(205) 555-0101,didem@tailspintoys.com
137,1092,Krista Andrejev,(205) 555-0100,(205) 555-0101,krista@tailspintoys.com
138,1093,Serhat Akbulut,(209) 555-0100,(209) 555-0101,serhat@tailspintoys.com
139,1094,Nadja Johansson,(209) 555-0100,(209) 555-0101,nadja@tailspintoys.com
140,1095,Daniela Barrios,(206) 555-0100,(206) 555-0101,daniela@tailspintoys.com
141,1096,Daina Celma,(206) 555-0100,(206) 555-0101,daina@tailspintoys.com
142,1097,Julia Slobodova,(231) 555-0100,(231) 555-0101,julia@tailspintoys.com
143,1098,Raimonds Kalnins,(231) 555-0100,(231) 555-0101,raimonds@tailspintoys.com
144,1099,Marcela Jankova,(304) 555-0100,(304) 555-0101,marcela@tailspintoys.com
145,1100,Predrag Stojanovic,(304) 555-0100,(304) 555-0101,predrag@tailspintoys.com
146,1101,Dipali Sonkar,(201) 555-0100,(201) 555-0101,dipali@tailspintoys.com
147,1102,Mariana Apodaca,(201) 555-0100,(201) 555-0101,mariana@tailspintoys.com
148,1103,Bansidhar Mitra,(209) 555-0100,(209) 555-0101,bansidhar@tailspintoys.com
149,1104,Liia Mae,(209) 555-0100,(209) 555-0101,liia@tailspintoys.com
150,1105,Gunnar Persson,(205) 555-0100,(205) 555-0101,gunnar@tailspintoys.com
151,1106,Parvati Modi,(205) 555-0100,(205) 555-0101,parvati@tailspintoys.com
152,1107,Vitezslav Rehak,(215) 555-0100,(215) 555-0101,vitezslav@tailspintoys.com
153,1108,Parsa Van Vossen,(215) 555-0100,(215) 555-0101,parsa@tailspintoys.com
154,1109,Bharat Sikdar,(229) 555-0100,(229) 555-0101,bharat@tailspintoys.com
155,1110,Alain Aupry,(229) 555-0100,(229) 555-0101,alain@tailspintoys.com
156,1111,Juan Bezanson,(206) 555-0100,(206) 555-0101,juan@tailspintoys.com
157,1112,Ruby Charlton,(206) 555-0100,(206) 555-0101,ruby@tailspintoys.com
158,1113,Aile Mae,(216) 555-0100,(216) 555-0101,aile@tailspintoys.com
159,1114,Margherita Lucchesi,(216) 555-0100,(216) 555-0101,margherita@tailspintoys.com
160,1115,Pratap Varghese,(276) 555-0100,(276) 555-0101,pratap@tailspintoys.com
161,1116,Marcel Marquis,(276) 555-0100,(276) 555-0101,marcel@tailspintoys.com
162,1117,Margita Kopecka,(339) 555-0100,(339) 555-0101,margita@tailspintoys.com
163,1118,Mirjam Johansson,(339) 555-0100,(339) 555-0101,mirjam@tailspintoys.com
164,1119,Lekha Mitra,(304) 555-0100,(304) 555-0101,lekha@tailspintoys.com
165,1120,Seeta Bose,(304) 555-0100,(304) 555-0101,seeta@tailspintoys.com
166,1121,Abhoy PrabhupÄda,(423) 555-0100,(423) 555-0101,abhoy@tailspintoys.com
167,1122,Seok-Ho Jeon,(423) 555-0100,(423) 555-0101,seok-ho@tailspintoys.com
168,1123,Alida Caune,(212) 555-0100,(212) 555-0101,alida@tailspintoys.com
169,1124,Indiana Fritzsche,(212) 555-0100,(212) 555-0101,indiana@tailspintoys.com
170,1125,Agnes Szolosy,(209) 555-0100,(209) 555-0101,agnes@tailspintoys.com
171,1126,Yu-jin Jee,(209) 555-0100,(209) 555-0101,yu-jin@tailspintoys.com
172,1127,Rohana Kaskar,(207) 555-0100,(207) 555-0101,rohana@tailspintoys.com
173,1128,Grieta Kalnina,(207) 555-0100,(207) 555-0101,grieta@tailspintoys.com
174,1129,Hanuman Dubey,(210) 555-0100,(210) 555-0101,hanuman@tailspintoys.com
175,1130,Paola Loggia,(210) 555-0100,(210) 555-0101,paola@tailspintoys.com
176,1131,Bao Dao,(339) 555-0100,(339) 555-0101,bao@tailspintoys.com
177,1132,Viljo Lampsa,(339) 555-0100,(339) 555-0101,viljo@tailspintoys.com
178,1133,Preyakshna Aluri,(701) 555-0100,(701) 555-0101,preyakshna@tailspintoys.com
179,1134,Chandan Raut,(701) 555-0100,(701) 555-0101,chandan@tailspintoys.com
180,1135,Valentina Conti,(225) 555-0100,(225) 555-0101,valentina@tailspintoys.com
181,1136,Narayan Mukherjee,(225) 555-0100,(225) 555-0101,narayan@tailspintoys.com
182,1137,Theodore Saucier,(209) 555-0100,(209) 555-0101,theodore@tailspintoys.com
183,1138,Chaowalit Pornpipatpong,(209) 555-0100,(209) 555-0101,chaowalit@tailspintoys.com
184,1139,Mariana Fierro,(217) 555-0100,(217) 555-0101,mariana@tailspintoys.com
185,1140,Ivana Kozakova,(217) 555-0100,(217) 555-0101,ivana@tailspintoys.com
186,1141,Afshin Djalili,(231) 555-0100,(231) 555-0101,afshin@tailspintoys.com
187,1142,Vaclav Holy,(231) 555-0100,(231) 555-0101,vaclav@tailspintoys.com
188,1143,Bianh Phan,(480) 555-0100,(480) 555-0101,bianh@tailspintoys.com
189,1144,Kanti Pipalia,(480) 555-0100,(480) 555-0101,kanti@tailspintoys.com
190,1145,Koknesis Vitols,(218) 555-0100,(218) 555-0101,koknesis@tailspintoys.com
191,1146,Malle Sepp,(218) 555-0100,(218) 555-0101,malle@tailspintoys.com
192,1147,Roxane Rastgu,(787) 555-0100,(787) 555-0101,roxane@tailspintoys.com
193,1148,Hue Chu,(787) 555-0100,(787) 555-0101,hue@tailspintoys.com
194,1149,Vlasta Srbova,(203) 555-0100,(203) 555-0101,vlasta@tailspintoys.com
195,1150,Gadhar Ghosh,(203) 555-0100,(203) 555-0101,gadhar@tailspintoys.com
196,1151,Lata Babu,(405) 555-0100,(405) 555-0101,lata@tailspintoys.com
197,1152,Chandra De,(405) 555-0100,(405) 555-0101,chandra@tailspintoys.com
198,1153,Airi Vassiljev,(229) 555-0100,(229) 555-0101,airi@tailspintoys.com
199,1154,Hoang La,(229) 555-0100,(229) 555-0101,hoang@tailspintoys.com
200,1155,Duleep Walia,(206) 555-0100,(206) 555-0101,duleep@tailspintoys.com
201,1156,Satish Gill,(206) 555-0100,(206) 555-0101,satish@tailspintoys.com
202,1157,Matyas Macek,(316) 555-0100,(316) 555-0101,matyas@tailspintoys.com
203,1158,Ethan Hopkins,(316) 555-0100,(316) 555-0101,ethan@tailspintoys.com
204,1159,Bharat Ankitham,(252) 555-0100,(252) 555-0101,bharat@tailspintoys.com
205,1160,Be Phan,(252) 555-0100,(252) 555-0101,be@tailspintoys.com
206,1161,Vera Kubatova,(212) 555-0100,(212) 555-0101,vera@tailspintoys.com
207,1162,Diego Almeida,(212) 555-0100,(212) 555-0101,diego@tailspintoys.com
208,1163,Rakesh Nishad,(505) 555-0100,(505) 555-0101,rakesh@tailspintoys.com
209,1164,Huu Hoa,(505) 555-0100,(505) 555-0101,huu@tailspintoys.com
210,1165,Sang Tran,(201) 555-0100,(201) 555-0101,sang@tailspintoys.com
211,1166,Bela Nemeth,(201) 555-0100,(201) 555-0101,bela@tailspintoys.com
212,1167,Eekalabya Bose,(787) 555-0100,(787) 555-0101,eekalabya@tailspintoys.com
213,1168,Margherita Bucco,(787) 555-0100,(787) 555-0101,margherita@tailspintoys.com
214,1169,Tommy Kilpi,(303) 555-0100,(303) 555-0101,tommy@tailspintoys.com
215,1170,Giri Bhamidipati,(303) 555-0100,(303) 555-0101,giri@tailspintoys.com
216,1171,Andrea Ricci,(216) 555-0100,(216) 555-0101,andrea@tailspintoys.com
217,1172,Chung-Ho Han,(216) 555-0100,(216) 555-0101,chung-ho@tailspintoys.com
218,1173,Isabell  Duperre,(212) 555-0100,(212) 555-0101,isabell @tailspintoys.com
219,1174,Jasna Vujica,(212) 555-0100,(212) 555-0101,jasna@tailspintoys.com
220,1175,Amarendra Ankitham,(339) 555-0100,(339) 555-0101,amarendra@tailspintoys.com
221,1176,Isak Berggren,(339) 555-0100,(339) 555-0101,isak@tailspintoys.com
222,1177,Aakarsha Nookala,(201) 555-0100,(201) 555-0101,aakarsha@tailspintoys.com
223,1178,Ilgonis Rozitis,(201) 555-0100,(201) 555-0101,ilgonis@tailspintoys.com
224,1179,Stanislav Sedlar,(701) 555-0100,(701) 555-0101,stanislav@tailspintoys.com
225,1180,Telma Arvidsson,(701) 555-0100,(701) 555-0101,telma@tailspintoys.com
226,1181,GokCe Karaca,(603) 555-0100,(603) 555-0101,gokce@tailspintoys.com
227,1182,Maria Munteanu,(603) 555-0100,(603) 555-0101,maria@tailspintoys.com
228,1183,Coralie Emond,(803) 555-0100,(803) 555-0101,coralie@tailspintoys.com
229,1184,Cong Trung,(803) 555-0100,(803) 555-0101,cong@tailspintoys.com
230,1185,Karina Celmina,(239) 555-0100,(239) 555-0101,karina@tailspintoys.com
231,1186,Nik Stoimenova,(239) 555-0100,(239) 555-0101,nik@tailspintoys.com
232,1187,Teresa Pisani,(303) 555-0100,(303) 555-0101,teresa@tailspintoys.com
233,1188,Murugan Thakur,(303) 555-0100,(303) 555-0101,murugan@tailspintoys.com
234,1189,Alba Ponce,(210) 555-0100,(210) 555-0101,alba@tailspintoys.com
235,1190,Antra Dzene,(210) 555-0100,(210) 555-0101,antra@tailspintoys.com
236,1191,Piper Leigh,(210) 555-0100,(210) 555-0101,piper@tailspintoys.com
237,1192,Jautrite Krievina,(210) 555-0100,(210) 555-0101,jautrite@tailspintoys.com
238,1193,Karie Seymour,(802) 555-0100,(802) 555-0101,karie@tailspintoys.com
239,1194,Lorenzo Lee,(802) 555-0100,(802) 555-0101,lorenzo@tailspintoys.com
240,1195,Timea Peto,(209) 555-0100,(209) 555-0101,timea@tailspintoys.com
241,1196,Amanat Shaker Doust,(209) 555-0100,(209) 555-0101,amanat@tailspintoys.com
242,1197,Victoria Ene,(205) 555-0100,(205) 555-0101,victoria@tailspintoys.com
243,1198,Panit Meesang,(205) 555-0100,(205) 555-0101,panit@tailspintoys.com
244,1199,Bhavani Bhowmick,(215) 555-0100,(215) 555-0101,bhavani@tailspintoys.com
245,1200,Ivica Debeljak,(215) 555-0100,(215) 555-0101,ivica@tailspintoys.com
246,1201,Yasmine Berggren,(505) 555-0100,(505) 555-0101,yasmine@tailspintoys.com
247,1202,Anima Bagchi,(505) 555-0100,(505) 555-0101,anima@tailspintoys.com
248,1203,Tea Koppel,(209) 555-0100,(209) 555-0101,tea@tailspintoys.com
249,1204,Bozena Palatova,(209) 555-0100,(209) 555-0101,bozena@tailspintoys.com
250,1205,Naseem Radan,(316) 555-0100,(316) 555-0101,naseem@tailspintoys.com
251,1206,Geza Olteanu,(316) 555-0100,(316) 555-0101,geza@tailspintoys.com
252,1207,Laboni Deb,(207) 555-0100,(207) 555-0101,laboni@tailspintoys.com
253,1208,Antonin Klaus,(207) 555-0100,(207) 555-0101,antonin@tailspintoys.com
254,1209,Sung-Hwan Hwang,(228) 555-0100,(228) 555-0101,sung-hwan@tailspintoys.com
255,1210,Reigo Rebane,(228) 555-0100,(228) 555-0101,reigo@tailspintoys.com
256,1211,Shiva Pipalia,(480) 555-0100,(480) 555-0101,shiva@tailspintoys.com
257,1212,Aishwarya Beniwal,(480) 555-0100,(480) 555-0101,aishwarya@tailspintoys.com
258,1213,Karie Mercier,(209) 555-0100,(209) 555-0101,karie@tailspintoys.com
259,1214,Milada Buresova,(209) 555-0100,(209) 555-0101,milada@tailspintoys.com
260,1215,Bhanu Thota,(314) 555-0100,(314) 555-0101,bhanu@tailspintoys.com
261,1216,Cyrus Poursokh,(314) 555-0100,(314) 555-0101,cyrus@tailspintoys.com
262,1217,Ae-Cha Joo,(209) 555-0100,(209) 555-0101,ae-cha@tailspintoys.com
263,1218,Jawid Pourali,(209) 555-0100,(209) 555-0101,jawid@tailspintoys.com
264,1219,Dinara Saparkyzy,(219) 555-0100,(219) 555-0101,dinara@tailspintoys.com
265,1220,Karel Sedlar,(219) 555-0100,(219) 555-0101,karel@tailspintoys.com
266,1221,Adam Dvorak,(239) 555-0100,(239) 555-0101,adam@tailspintoys.com
267,1222,Dhanishta Vankayala,(239) 555-0100,(239) 555-0101,dhanishta@tailspintoys.com
268,1223,Ingrida Celmina,(316) 555-0100,(316) 555-0101,ingrida@tailspintoys.com
269,1224,Be Dang,(316) 555-0100,(316) 555-0101,be@tailspintoys.com
270,1225,Jae-Hwa Jang,(505) 555-0100,(505) 555-0101,jae-hwa@tailspintoys.com
271,1226,Clara Cunha,(505) 555-0100,(505) 555-0101,clara@tailspintoys.com
272,1227,Duck-Hwan Bae,(803) 555-0100,(803) 555-0101,duck-hwan@tailspintoys.com
273,1228,Surya Mishra,(803) 555-0100,(803) 555-0101,surya@tailspintoys.com
274,1229,Jagoda Vasiljevic,(252) 555-0100,(252) 555-0101,jagoda@tailspintoys.com
275,1230,Eero Raud,(252) 555-0100,(252) 555-0101,eero@tailspintoys.com
276,1231,Toma Nastase,(787) 555-0100,(787) 555-0101,toma@tailspintoys.com
277,1232,Arjuna Haldar,(787) 555-0100,(787) 555-0101,arjuna@tailspintoys.com
278,1233,Valerio Cardoso,(385) 555-0100,(385) 555-0101,valerio@tailspintoys.com
279,1234,Zac Wintle,(385) 555-0100,(385) 555-0101,zac@tailspintoys.com
280,1235,Ileana Aguilar,(207) 555-0100,(207) 555-0101,ileana@tailspintoys.com
281,1236,Cai Nguyen,(207) 555-0100,(207) 555-0101,cai@tailspintoys.com
282,1237,Tjasa Weitzer,(229) 555-0100,(229) 555-0101,tjasa@tailspintoys.com
283,1238,Shefali Bose,(229) 555-0100,(229) 555-0101,shefali@tailspintoys.com
284,1239,Lucas Van Veenen,(216) 555-0100,(216) 555-0101,lucas@tailspintoys.com
285,1240,Farzana Saidi,(216) 555-0100,(216) 555-0101,farzana@tailspintoys.com
286,1241,Steven Frasier,(218) 555-0100,(218) 555-0101,steven@tailspintoys.com
287,1242,Amaranaath Muppavarapu,(218) 555-0100,(218) 555-0101,amaranaath@tailspintoys.com
288,1243,Mauri Enestam,(303) 555-0100,(303) 555-0101,mauri@tailspintoys.com
289,1244,Lakshmi Nair,(303) 555-0100,(303) 555-0101,lakshmi@tailspintoys.com
290,1245,Ella Zvirbule,(212) 555-0100,(212) 555-0101,ella@tailspintoys.com
291,1246,Vicente ChÃ¡vez,(212) 555-0100,(212) 555-0101,vicente@tailspintoys.com
292,1247,Sevim AydÄ±n,(216) 555-0100,(216) 555-0101,sevim@tailspintoys.com
293,1248,Tamer Ayhan,(216) 555-0100,(216) 555-0101,tamer@tailspintoys.com
294,1249,Blanka Stavinohova,(304) 555-0100,(304) 555-0101,blanka@tailspintoys.com
295,1250,Josefa Diaz,(304) 555-0100,(304) 555-0101,josefa@tailspintoys.com
296,1251,Akanksha Iyengar,(201) 555-0100,(201) 555-0101,akanksha@tailspintoys.com
297,1252,Markus Kantee,(201) 555-0100,(201) 555-0101,markus@tailspintoys.com
298,1253,Kertu Smirnov,(206) 555-0100,(206) 555-0101,kertu@tailspintoys.com
299,1254,Lovro Kulaga,(206) 555-0100,(206) 555-0101,lovro@tailspintoys.com
300,1255,Jure Grabensek,(303) 555-0100,(303) 555-0101,jure@tailspintoys.com
301,1256,Chompunut Jetjirawat,(303) 555-0100,(303) 555-0101,chompunut@tailspintoys.com
302,1257,Javiera Madera,(231) 555-0100,(231) 555-0101,javiera@tailspintoys.com
303,1258,Geetanjali Bagchi,(231) 555-0100,(231) 555-0101,geetanjali@tailspintoys.com
304,1259,Aija Mottola,(201) 555-0100,(201) 555-0101,aija@tailspintoys.com
305,1260,Elli Berg,(201) 555-0100,(201) 555-0101,elli@tailspintoys.com
306,1261,Darshan Gupta,(907) 555-0100,(907) 555-0101,darshan@tailspintoys.com
307,1262,Prem Reddy,(907) 555-0100,(907) 555-0101,prem@tailspintoys.com
308,1263,Akanksha Sarma,(208) 555-0100,(208) 555-0101,akanksha@tailspintoys.com
309,1264,Edward Alfred,(208) 555-0100,(208) 555-0101,edward@tailspintoys.com
310,1265,Aino Kallas,(212) 555-0100,(212) 555-0101,aino@tailspintoys.com
311,1266,Dhaaruni Vinjamuri,(212) 555-0100,(212) 555-0101,dhaaruni@tailspintoys.com
312,1267,An Dung Phung,(239) 555-0100,(239) 555-0101,an dung@tailspintoys.com
313,1268,Ioana Ibanescu,(239) 555-0100,(239) 555-0101,ioana@tailspintoys.com
314,1269,Gaurav Sikdar,(314) 555-0100,(314) 555-0101,gaurav@tailspintoys.com
315,1270,Christian Berggren,(314) 555-0100,(314) 555-0101,christian@tailspintoys.com
316,1271,Anirban Sen,(702) 555-0100,(702) 555-0101,anirban@tailspintoys.com
317,1272,Joel Koivisto,(702) 555-0100,(702) 555-0101,joel@tailspintoys.com
318,1273,Chandrakanta Benjaree,(385) 555-0100,(385) 555-0101,chandrakanta@tailspintoys.com
319,1274,Joy Das,(385) 555-0100,(385) 555-0101,joy@tailspintoys.com
320,1275,Badari Chadalavada,(252) 555-0100,(252) 555-0101,badari@tailspintoys.com
321,1276,Zala Ude,(252) 555-0100,(252) 555-0101,zala@tailspintoys.com
322,1277,Gabriele Udinesi,(803) 555-0100,(803) 555-0101,gabriele@tailspintoys.com
323,1278,Murugan Dewangan,(803) 555-0100,(803) 555-0101,murugan@tailspintoys.com
324,1279,Malay PrabhupÄda,(316) 555-0100,(316) 555-0101,malay@tailspintoys.com
325,1280,Nghi Ly,(316) 555-0100,(316) 555-0101,nghi@tailspintoys.com
326,1281,Hedi Koppel,(314) 555-0100,(314) 555-0101,hedi@tailspintoys.com
327,1282,Teodors Klavins,(314) 555-0100,(314) 555-0101,teodors@tailspintoys.com
328,1283,Denisa Ioveanu,(907) 555-0100,(907) 555-0101,denisa@tailspintoys.com
329,1284,Cosmin Nutiu,(907) 555-0100,(907) 555-0101,cosmin@tailspintoys.com
330,1285,Vaclav Polaskova,(216) 555-0100,(216) 555-0101,vaclav@tailspintoys.com
331,1286,Georg Valbe,(216) 555-0100,(216) 555-0101,georg@tailspintoys.com
332,1287,Pramod Nishad,(225) 555-0100,(225) 555-0101,pramod@tailspintoys.com
333,1288,Avani Aggarwal,(225) 555-0100,(225) 555-0101,avani@tailspintoys.com
334,1289,Prasong Tuntayakul,(201) 555-0100,(201) 555-0101,prasong@tailspintoys.com
335,1290,Mariela Pasek,(201) 555-0100,(201) 555-0101,mariela@tailspintoys.com
336,1291,Aija Zvaigzne,(205) 555-0100,(205) 555-0101,aija@tailspintoys.com
337,1292,Dharanikumaar Sonti,(205) 555-0100,(205) 555-0101,dharanikumaar@tailspintoys.com
338,1293,Gilbert Pelland,(406) 555-0100,(406) 555-0101,gilbert@tailspintoys.com
339,1294,Ngoc Cao,(406) 555-0100,(406) 555-0101,ngoc@tailspintoys.com
340,1295,Marcella Napolitani,(262) 555-0100,(262) 555-0101,marcella@tailspintoys.com
341,1296,Pavol Oravec,(262) 555-0100,(262) 555-0101,pavol@tailspintoys.com
342,1297,Femke Hollenberg,(218) 555-0100,(218) 555-0101,femke@tailspintoys.com
343,1298,Roman Kubat,(218) 555-0100,(218) 555-0101,roman@tailspintoys.com
344,1299,Brita Jarvi,(212) 555-0100,(212) 555-0101,brita@tailspintoys.com
345,1300,Lucie Hrdlickova,(212) 555-0100,(212) 555-0101,lucie@tailspintoys.com
346,1301,Donato Araujo,(480) 555-0100,(480) 555-0101,donato@tailspintoys.com
347,1302,Alaine Berthelette,(480) 555-0100,(480) 555-0101,alaine@tailspintoys.com
348,1303,Aleksander Jarvi,(406) 555-0100,(406) 555-0101,aleksander@tailspintoys.com
349,1304,Kurt Konecny,(406) 555-0100,(406) 555-0101,kurt@tailspintoys.com
350,1305,Malati Shenoy,(218) 555-0100,(218) 555-0101,malati@tailspintoys.com
351,1306,Duong Duong,(218) 555-0100,(218) 555-0101,duong@tailspintoys.com
352,1307,Gui-Hyun Ji,(218) 555-0100,(218) 555-0101,gui-hyun@tailspintoys.com
353,1308,Karl Kangur,(218) 555-0100,(218) 555-0101,karl@tailspintoys.com
354,1309,Michal Polaskova,(262) 555-0100,(262) 555-0101,michal@tailspintoys.com
355,1310,Debendra Chakraborty,(262) 555-0100,(262) 555-0101,debendra@tailspintoys.com
356,1311,Dilara Ayhan,(210) 555-0100,(210) 555-0101,dilara@tailspintoys.com
357,1312,Virgiliu Vladu,(210) 555-0100,(210) 555-0101,virgiliu@tailspintoys.com
358,1313,Peter Macias,(205) 555-0100,(205) 555-0101,peter@tailspintoys.com
359,1314,Nasrin Fard,(205) 555-0100,(205) 555-0101,nasrin@tailspintoys.com
360,1315,Kurt Lukes,(225) 555-0100,(225) 555-0101,kurt@tailspintoys.com
361,1316,Daman Devulapalli,(225) 555-0100,(225) 555-0101,daman@tailspintoys.com
362,1317,Beatrise Bite,(218) 555-0100,(218) 555-0101,beatrise@tailspintoys.com
363,1318,Hele Semjonov,(218) 555-0100,(218) 555-0101,hele@tailspintoys.com
364,1319,Bishwanath Ghosh,(701) 555-0100,(701) 555-0101,bishwanath@tailspintoys.com
365,1320,Gasper Jovicevic,(701) 555-0100,(701) 555-0101,gasper@tailspintoys.com
366,1321,Gianguido Lucchesi,(303) 555-0100,(303) 555-0101,gianguido@tailspintoys.com
367,1322,Harihar Chatterjee,(303) 555-0100,(303) 555-0101,harihar@tailspintoys.com
368,1323,Nu Bach,(212) 555-0100,(212) 555-0101,nu@tailspintoys.com
369,1324,Gautama Reddy,(212) 555-0100,(212) 555-0101,gautama@tailspintoys.com
370,1325,Ivonna Ene,(702) 555-0100,(702) 555-0101,ivonna@tailspintoys.com
371,1326,Girish Banerjee,(702) 555-0100,(702) 555-0101,girish@tailspintoys.com
372,1327,Ceyhun sahin,(215) 555-0100,(215) 555-0101,ceyhun@tailspintoys.com
373,1328,Dhir Bhattacharya,(215) 555-0100,(215) 555-0101,dhir@tailspintoys.com
374,1329,Tian Peng,(203) 555-0100,(203) 555-0101,tian@tailspintoys.com
375,1330,Mariano Costa,(203) 555-0100,(203) 555-0101,mariano@tailspintoys.com
376,1331,Vlastimil Bohuslav,(210) 555-0100,(210) 555-0101,vlastimil@tailspintoys.com
377,1332,Beau  Boule,(210) 555-0100,(210) 555-0101,beau @tailspintoys.com
378,1333,Nejc Vosnik,(210) 555-0100,(210) 555-0101,nejc@tailspintoys.com
379,1334,Amalendu Veturi,(210) 555-0100,(210) 555-0101,amalendu@tailspintoys.com
380,1335,Anindo Mazumdar,(210) 555-0100,(210) 555-0101,anindo@tailspintoys.com
381,1336,Tarja Saikkonen,(210) 555-0100,(210) 555-0101,tarja@tailspintoys.com
382,1337,Nils Balodis,(307) 555-0100,(307) 555-0101,nils@tailspintoys.com
383,1338,Bernadette    Potvin,(307) 555-0100,(307) 555-0101,bernadette   @tailspintoys.com
384,1339,Daniella Barbosa,(212) 555-0100,(212) 555-0101,daniella@tailspintoys.com
385,1340,Nancy Hansson,(212) 555-0100,(212) 555-0101,nancy@tailspintoys.com
386,1341,Raymond Levesque,(201) 555-0100,(201) 555-0101,raymond@tailspintoys.com
387,1342,Linda Fisher,(201) 555-0100,(201) 555-0101,linda@tailspintoys.com
388,1343,Raymond Desforges,(505) 555-0100,(505) 555-0101,raymond@tailspintoys.com
389,1344,Stern Neumann,(505) 555-0100,(505) 555-0101,stern@tailspintoys.com
390,1345,Raju Atluri,(212) 555-0100,(212) 555-0101,raju@tailspintoys.com
391,1346,Cezar Preda,(212) 555-0100,(212) 555-0101,cezar@tailspintoys.com
392,1347,Matyas Bohuslav,(239) 555-0100,(239) 555-0101,matyas@tailspintoys.com
393,1348,Ambaajeeraav Ghattamaneni,(239) 555-0100,(239) 555-0101,ambaajeeraav@tailspintoys.com
394,1349,Julio Correa,(505) 555-0100,(505) 555-0101,julio@tailspintoys.com
395,1350,Hamsapriya Nandamuri,(505) 555-0100,(505) 555-0101,hamsapriya@tailspintoys.com
396,1351,Banshari De,(206) 555-0100,(206) 555-0101,banshari@tailspintoys.com
397,1352,Sudhir Yadav,(206) 555-0100,(206) 555-0101,sudhir@tailspintoys.com
398,1353,Ngai Lam,(215) 555-0100,(215) 555-0101,ngai@tailspintoys.com
399,1354,Camille Hetu,(215) 555-0100,(215) 555-0101,camille@tailspintoys.com
400,1355,Hyun-Doo Song,(262) 555-0100,(262) 555-0101,hyun-doo@tailspintoys.com
401,1356,BahadÄ±r Korkmaz,(262) 555-0100,(262) 555-0101,bahadä±r@tailspintoys.com
402,1357,Gabriela Srbova,(319) 555-0100,(319) 555-0101,gabriela@tailspintoys.com
403,1358,Priya kaushal,(319) 555-0100,(319) 555-0101,priya@tailspintoys.com
404,1359,Serkan senturk,(702) 555-0100,(702) 555-0101,serkan@tailspintoys.com
405,1360,Fatemeh Javan,(702) 555-0100,(702) 555-0101,fatemeh@tailspintoys.com
406,1361,Aahlada Thota,(215) 555-0100,(215) 555-0101,aahlada@tailspintoys.com
407,1362,Marten Keskkula,(215) 555-0100,(215) 555-0101,marten@tailspintoys.com
408,1363,Ayberk sahin,(308) 555-0100,(308) 555-0101,ayberk@tailspintoys.com
409,1364,Magda Ciora,(308) 555-0100,(308) 555-0101,magda@tailspintoys.com
410,1365,Kaan Tekin,(239) 555-0100,(239) 555-0101,kaan@tailspintoys.com
411,1366,Harshini Kommineni,(239) 555-0100,(239) 555-0101,harshini@tailspintoys.com
412,1367,Lata Khandke,(216) 555-0100,(216) 555-0101,lata@tailspintoys.com
413,1368,Emil Nutiu,(216) 555-0100,(216) 555-0101,emil@tailspintoys.com
414,1369,Truman Eder,(225) 555-0100,(225) 555-0101,truman@tailspintoys.com
415,1370,Lale Javan,(225) 555-0100,(225) 555-0101,lale@tailspintoys.com
416,1371,Lorraine Paulet,(458) 555-0100,(458) 555-0101,lorraine@tailspintoys.com
417,1372,Yusuf Johansson,(458) 555-0100,(458) 555-0101,yusuf@tailspintoys.com
418,1373,Biplab De,(231) 555-0100,(231) 555-0101,biplab@tailspintoys.com
419,1374,Dhanishta Kidambi,(231) 555-0100,(231) 555-0101,dhanishta@tailspintoys.com
420,1375,Rachelle Brasseur,(210) 555-0100,(210) 555-0101,rachelle@tailspintoys.com
421,1376,Bholanath Das,(210) 555-0100,(210) 555-0101,bholanath@tailspintoys.com
422,1377,Sara Charlton,(215) 555-0100,(215) 555-0101,sara@tailspintoys.com
423,1378,Libor safranek,(215) 555-0100,(215) 555-0101,libor@tailspintoys.com
424,1379,Ramesh Mukherjee,(217) 555-0100,(217) 555-0101,ramesh@tailspintoys.com
425,1380,Byung-Hyun Gwak,(217) 555-0100,(217) 555-0101,byung-hyun@tailspintoys.com
426,1381,Ester Ahmadian,(229) 555-0100,(229) 555-0101,ester@tailspintoys.com
427,1382,Kanika Mazumdar,(229) 555-0100,(229) 555-0101,kanika@tailspintoys.com
428,1383,Daniel Magnusson,(505) 555-0100,(505) 555-0101,daniel@tailspintoys.com
429,1384,Cemal Dogan,(505) 555-0100,(505) 555-0101,cemal@tailspintoys.com
430,1385,Jack Carpenter,(270) 555-0100,(270) 555-0101,jack@tailspintoys.com
431,1386,Am Lieu,(270) 555-0100,(270) 555-0101,am@tailspintoys.com
432,1387,Thomas Fischer,(239) 555-0100,(239) 555-0101,thomas@tailspintoys.com
433,1388,Neil Logan,(239) 555-0100,(239) 555-0101,neil@tailspintoys.com
434,1389,Viollette Monty,(803) 555-0100,(803) 555-0101,viollette@tailspintoys.com
435,1390,Gita Dutta,(803) 555-0100,(803) 555-0101,gita@tailspintoys.com
436,1391,Alinne Cardoso,(308) 555-0100,(308) 555-0101,alinne@tailspintoys.com
437,1392,Uma Pandit,(308) 555-0100,(308) 555-0101,uma@tailspintoys.com
438,1393,Mani Poddar,(209) 555-0100,(209) 555-0101,mani@tailspintoys.com
439,1394,Rama Mukaddam,(209) 555-0100,(209) 555-0101,rama@tailspintoys.com
440,1395,Deakshitulu Mokkapati,(314) 555-0100,(314) 555-0101,deakshitulu@tailspintoys.com
441,1396,Tereza PinÄakova,(314) 555-0100,(314) 555-0101,tereza@tailspintoys.com
442,1397,Cezar Pavel,(303) 555-0100,(303) 555-0101,cezar@tailspintoys.com
443,1398,Bahaar Yekta,(303) 555-0100,(303) 555-0101,bahaar@tailspintoys.com
444,1399,Fanni Benko,(385) 555-0100,(385) 555-0101,fanni@tailspintoys.com
445,1400,Amar Dutta,(385) 555-0100,(385) 555-0101,amar@tailspintoys.com
446,1401,Brenda Morgan,(206) 555-0100,(206) 555-0101,brenda@tailspintoys.com
447,1402,Kamal Nakhtare,(206) 555-0100,(206) 555-0101,kamal@tailspintoys.com
448,2001,Olga Alexandrova,(303) 555-0100,(303) 555-0101,olga@wingtiptoys.com
449,2002,Bibi Javan,(303) 555-0100,(303) 555-0101,bibi@wingtiptoys.com
450,2003,Maris Baltins,(215) 555-0100,(215) 555-0101,maris@wingtiptoys.com
451,2004,Taneli Hahl,(215) 555-0100,(215) 555-0101,taneli@wingtiptoys.com
452,2005,Parsa Reuser,(480) 555-0100,(480) 555-0101,parsa@wingtiptoys.com
453,2006,Da-eun Kwak,(480) 555-0100,(480) 555-0101,da-eun@wingtiptoys.com
454,2007,Duleep Srivastava,(215) 555-0100,(215) 555-0101,duleep@wingtiptoys.com
455,2008,Kurt Balog,(215) 555-0100,(215) 555-0101,kurt@wingtiptoys.com
456,2009,Miran Nikolic,(217) 555-0100,(217) 555-0101,miran@wingtiptoys.com
457,2010,Indra Mudaliyar,(217) 555-0100,(217) 555-0101,indra@wingtiptoys.com
458,2011,Calin Bojin,(205) 555-0100,(205) 555-0101,calin@wingtiptoys.com
459,2012,Maxime Westerink,(205) 555-0100,(205) 555-0101,maxime@wingtiptoys.com
460,2013,Lang Le,(225) 555-0100,(225) 555-0101,lang@wingtiptoys.com
461,2014,Bozena Divisova,(225) 555-0100,(225) 555-0101,bozena@wingtiptoys.com
462,2015,Bhaagyalakshmi Muppavarapu,(210) 555-0100,(210) 555-0101,bhaagyalakshmi@wingtiptoys.com
463,2016,Durjoy Bose,(210) 555-0100,(210) 555-0101,durjoy@wingtiptoys.com
464,2017,Dimitry Nechita,(209) 555-0100,(209) 555-0101,dimitry@wingtiptoys.com
465,2018,Meredith Padilla,(209) 555-0100,(209) 555-0101,meredith@wingtiptoys.com
466,2019,Miroslav Kohout,(210) 555-0100,(210) 555-0101,miroslav@wingtiptoys.com
467,2020,Teresa Torres,(210) 555-0100,(210) 555-0101,teresa@wingtiptoys.com
468,2021,Fransje Mutlu,(262) 555-0100,(262) 555-0101,fransje@wingtiptoys.com
469,2022,Karel Hybl,(262) 555-0100,(262) 555-0101,karel@wingtiptoys.com
470,2023,Chati Ornlamai,(406) 555-0100,(406) 555-0101,chati@wingtiptoys.com
471,2024,Tajana Lovric,(406) 555-0100,(406) 555-0101,tajana@wingtiptoys.com
472,2025,Raine Knihtila,(210) 555-0100,(210) 555-0101,raine@wingtiptoys.com
473,2026,Dhir Mazumdar,(210) 555-0100,(210) 555-0101,dhir@wingtiptoys.com
474,2027,Lan Chu,(215) 555-0100,(215) 555-0101,lan@wingtiptoys.com
475,2028,Tereza Prikrylova,(215) 555-0100,(215) 555-0101,tereza@wingtiptoys.com
476,2029,Maurice English,(229) 555-0100,(229) 555-0101,maurice@wingtiptoys.com
477,2030,Daniella Ribeiro,(229) 555-0100,(229) 555-0101,daniella@wingtiptoys.com
478,2031,Irene Sepp,(262) 555-0100,(262) 555-0101,irene@wingtiptoys.com
479,2032,Hubert Fields,(262) 555-0100,(262) 555-0101,hubert@wingtiptoys.com
480,2033,Chandranath Bose,(262) 555-0100,(262) 555-0101,chandranath@wingtiptoys.com
481,2034,Gaurav Acharya,(262) 555-0100,(262) 555-0101,gaurav@wingtiptoys.com
482,2035,Ana Julijana Isa,(406) 555-0100,(406) 555-0101,ana julijana@wingtiptoys.com
483,2036,Libor Klaus,(406) 555-0100,(406) 555-0101,libor@wingtiptoys.com
484,2037,Gireesh Bhogireddy,(239) 555-0100,(239) 555-0101,gireesh@wingtiptoys.com
485,2038,Stanislav Zeman,(239) 555-0100,(239) 555-0101,stanislav@wingtiptoys.com
486,2039,Premwadee Atitarn,(209) 555-0100,(209) 555-0101,premwadee@wingtiptoys.com
487,2040,Deeptendu Das,(209) 555-0100,(209) 555-0101,deeptendu@wingtiptoys.com
488,2041,Nishant Patil,(205) 555-0100,(205) 555-0101,nishant@wingtiptoys.com
489,2042,Bhaagyalakshmi Rajanala,(205) 555-0100,(205) 555-0101,bhaagyalakshmi@wingtiptoys.com
490,2043,Rohan Das,(206) 555-0100,(206) 555-0101,rohan@wingtiptoys.com
491,2044,Bhaanusree Ankitham,(206) 555-0100,(206) 555-0101,bhaanusree@wingtiptoys.com
492,2045,Aamdaal Kamasamudram,(316) 555-0100,(316) 555-0101,aamdaal@wingtiptoys.com
493,2046,Karita Rosberg,(316) 555-0100,(316) 555-0101,karita@wingtiptoys.com
494,2047,Baebeesarasvati Kamasamudram,(308) 555-0100,(308) 555-0101,baebeesarasvati@wingtiptoys.com
495,2048,Hana Palatova,(308) 555-0100,(308) 555-0101,hana@wingtiptoys.com
496,2049,Marcello Dellucci,(405) 555-0100,(405) 555-0101,marcello@wingtiptoys.com
497,2050,Shobha Raju,(405) 555-0100,(405) 555-0101,shobha@wingtiptoys.com
498,2051,Mee-Kyong Sin,(480) 555-0100,(480) 555-0101,mee-kyong@wingtiptoys.com
499,2052,VÄ›ra Kopecka,(480) 555-0100,(480) 555-0101,vä›ra@wingtiptoys.com
500,2053,Ivica LuÄic,(212) 555-0100,(212) 555-0101,ivica@wingtiptoys.com
501,2054,David Svoboda,(212) 555-0100,(212) 555-0101,david@wingtiptoys.com
502,2055,Vinicius Correa,(231) 555-0100,(231) 555-0101,vinicius@wingtiptoys.com
503,2056,Surat Pornpipatpong,(231) 555-0100,(231) 555-0101,surat@wingtiptoys.com
504,2057,Fabio Pena,(314) 555-0100,(314) 555-0101,fabio@wingtiptoys.com
505,2058,Kauan Gomes,(314) 555-0100,(314) 555-0101,kauan@wingtiptoys.com
506,2059,Lakshmi Roy,(208) 555-0100,(208) 555-0101,lakshmi@wingtiptoys.com
507,2060,Kersti Mihhailov,(208) 555-0100,(208) 555-0101,kersti@wingtiptoys.com
508,2061,Selma Seppanen,(787) 555-0100,(787) 555-0101,selma@wingtiptoys.com
509,2062,Danielle  Brasseur,(787) 555-0100,(787) 555-0101,danielle @wingtiptoys.com
510,2063,Bay Ly,(239) 555-0100,(239) 555-0101,bay@wingtiptoys.com
511,2064,Sanjiv Raina,(239) 555-0100,(239) 555-0101,sanjiv@wingtiptoys.com
512,2065,Adirake Saenamuang,(405) 555-0100,(405) 555-0101,adirake@wingtiptoys.com
513,2066,Leena De,(405) 555-0100,(405) 555-0101,leena@wingtiptoys.com
514,2067,Tarja Penttila,(212) 555-0100,(212) 555-0101,tarja@wingtiptoys.com
515,2068,Gunnar Larsson,(212) 555-0100,(212) 555-0101,gunnar@wingtiptoys.com
516,2069,Devendranath Huq,(217) 555-0100,(217) 555-0101,devendranath@wingtiptoys.com
517,2070,Vicente Cabrera,(217) 555-0100,(217) 555-0101,vicente@wingtiptoys.com
518,2071,Enes Olsson,(276) 555-0100,(276) 555-0101,enes@wingtiptoys.com
519,2072,Milada Kubatova,(276) 555-0100,(276) 555-0101,milada@wingtiptoys.com
520,2073,Vanja Grgic,(215) 555-0100,(215) 555-0101,vanja@wingtiptoys.com
521,2074,Daniela Omelkova,(215) 555-0100,(215) 555-0101,daniela@wingtiptoys.com
522,2075,Dayaram Mishra,(216) 555-0100,(216) 555-0101,dayaram@wingtiptoys.com
523,2076,Gal Kokeza,(216) 555-0100,(216) 555-0101,gal@wingtiptoys.com
524,2077,Mina Omidzadeh,(262) 555-0100,(262) 555-0101,mina@wingtiptoys.com
525,2078,Adrian Bengtsson,(262) 555-0100,(262) 555-0101,adrian@wingtiptoys.com
526,2079,Kadir Usenuly,(405) 555-0100,(405) 555-0101,kadir@wingtiptoys.com
527,2080,Rajiv Shasthri,(405) 555-0100,(405) 555-0101,rajiv@wingtiptoys.com
528,2081,Kajsa Jakobsson,(319) 555-0100,(319) 555-0101,kajsa@wingtiptoys.com
529,2082,Elnaz Rahimi,(319) 555-0100,(319) 555-0101,elnaz@wingtiptoys.com
530,2083,Rahul Ghate,(215) 555-0100,(215) 555-0101,rahul@wingtiptoys.com
531,2084,Chuan Wongsawat,(215) 555-0100,(215) 555-0101,chuan@wingtiptoys.com
532,2085,Lien Banh,(231) 555-0100,(231) 555-0101,lien@wingtiptoys.com
533,2086,Anshula Mitra,(231) 555-0100,(231) 555-0101,anshula@wingtiptoys.com
534,2087,Divyendu Chakraborty,(605) 555-0100,(605) 555-0101,divyendu@wingtiptoys.com
535,2088,Rita Kauppi,(605) 555-0100,(605) 555-0101,rita@wingtiptoys.com
536,2089,An Dung Ngo,(303) 555-0100,(303) 555-0101,an dung@wingtiptoys.com
537,2090,Pranav Yadav,(303) 555-0100,(303) 555-0101,pranav@wingtiptoys.com
538,2091,Chetana Kamath,(225) 555-0100,(225) 555-0101,chetana@wingtiptoys.com
539,2092,Isabelina Flores,(225) 555-0100,(225) 555-0101,isabelina@wingtiptoys.com
540,2093,Premwadee Saowaluk,(319) 555-0100,(319) 555-0101,premwadee@wingtiptoys.com
541,2094,Adam Balaz,(319) 555-0100,(319) 555-0101,adam@wingtiptoys.com
542,2095,Jae-Hwa Min,(702) 555-0100,(702) 555-0101,jae-hwa@wingtiptoys.com
543,2096,Rafael Pena,(702) 555-0100,(702) 555-0101,rafael@wingtiptoys.com
544,2097,Catalina Nechita,(304) 555-0100,(304) 555-0101,catalina@wingtiptoys.com
545,2098,Robert Cosic,(304) 555-0100,(304) 555-0101,robert@wingtiptoys.com
546,2099,Constanza Laureano,(219) 555-0100,(219) 555-0101,constanza@wingtiptoys.com
547,2100,Sunil Nakhtare,(219) 555-0100,(219) 555-0101,sunil@wingtiptoys.com
548,2101,Aakriti Bhamidipati,(307) 555-0100,(307) 555-0101,aakriti@wingtiptoys.com
549,2102,Sakchai Supitayaporn,(307) 555-0100,(307) 555-0101,sakchai@wingtiptoys.com
550,2103,Himadri PrabhupÄda,(209) 555-0100,(209) 555-0101,himadri@wingtiptoys.com
551,2104,Lukas Kohout,(209) 555-0100,(209) 555-0101,lukas@wingtiptoys.com
552,2105,Bryan Helms,(276) 555-0100,(276) 555-0101,bryan@wingtiptoys.com
553,2106,Julianna Makay,(276) 555-0100,(276) 555-0101,julianna@wingtiptoys.com
554,2107,Harri Kask,(787) 555-0100,(787) 555-0101,harri@wingtiptoys.com
555,2108,Rakhshinda Mansouri,(787) 555-0100,(787) 555-0101,rakhshinda@wingtiptoys.com
556,2109,Ilse Sandell,(209) 555-0100,(209) 555-0101,ilse@wingtiptoys.com
557,2110,Tibor Harsanyi,(209) 555-0100,(209) 555-0101,tibor@wingtiptoys.com
558,2111,Subhash Matondkar,(212) 555-0100,(212) 555-0101,subhash@wingtiptoys.com
559,2112,Gurudas De,(212) 555-0100,(212) 555-0101,gurudas@wingtiptoys.com
560,2113,Eesvaraavu Ankitham,(505) 555-0100,(505) 555-0101,eesvaraavu@wingtiptoys.com
561,2114,Angelina Karlsson,(505) 555-0100,(505) 555-0101,angelina@wingtiptoys.com
562,2115,Miguel Paez,(205) 555-0100,(205) 555-0101,miguel@wingtiptoys.com
563,2116,Anukul Dey,(205) 555-0100,(205) 555-0101,anukul@wingtiptoys.com
564,2117,Tobias Gruber,(216) 555-0100,(216) 555-0101,tobias@wingtiptoys.com
565,2118,Jitka Stastna,(216) 555-0100,(216) 555-0101,jitka@wingtiptoys.com
566,2119,Daniela Dumina,(505) 555-0100,(505) 555-0101,daniela@wingtiptoys.com
567,2120,Fahmidah Fallahi,(505) 555-0100,(505) 555-0101,fahmidah@wingtiptoys.com
568,2121,Ganesh Mukherjee,(210) 555-0100,(210) 555-0101,ganesh@wingtiptoys.com
569,2122,Hector Parra,(210) 555-0100,(210) 555-0101,hector@wingtiptoys.com
570,2123,Avanti Nishad,(505) 555-0100,(505) 555-0101,avanti@wingtiptoys.com
571,2124,Gino Sal,(505) 555-0100,(505) 555-0101,gino@wingtiptoys.com
572,2125,Daedeepya Thota,(405) 555-0100,(405) 555-0101,daedeepya@wingtiptoys.com
573,2126,Lekha Sen,(405) 555-0100,(405) 555-0101,lekha@wingtiptoys.com
574,2127,Gabriela Chirila,(701) 555-0100,(701) 555-0101,gabriela@wingtiptoys.com
575,2128,Elina Bite,(701) 555-0100,(701) 555-0101,elina@wingtiptoys.com
576,2129,Nagur Atluri,(405) 555-0100,(405) 555-0101,nagur@wingtiptoys.com
577,2130,Hanita Kamasamudram,(405) 555-0100,(405) 555-0101,hanita@wingtiptoys.com
578,2131,Sintja Buecek,(210) 555-0100,(210) 555-0101,sintja@wingtiptoys.com
579,2132,Esha Singh,(210) 555-0100,(210) 555-0101,esha@wingtiptoys.com
580,2133,Pongrit Srisati,(215) 555-0100,(215) 555-0101,pongrit@wingtiptoys.com
581,2134,Hanna Piip,(215) 555-0100,(215) 555-0101,hanna@wingtiptoys.com
582,2135,Linda Green,(218) 555-0100,(218) 555-0101,linda@wingtiptoys.com
583,2136,Baalamurali Kommineni,(218) 555-0100,(218) 555-0101,baalamurali@wingtiptoys.com
584,2137,Sarmis Skujins,(270) 555-0100,(270) 555-0101,sarmis@wingtiptoys.com
585,2138,Amporn Jetjirawat,(270) 555-0100,(270) 555-0101,amporn@wingtiptoys.com
586,2139,Libuse Srbova,(210) 555-0100,(210) 555-0101,libuse@wingtiptoys.com
587,2140,Jimme Harmsen,(210) 555-0100,(210) 555-0101,jimme@wingtiptoys.com
588,2141,Viktorie Stejskalova,(209) 555-0100,(209) 555-0101,viktorie@wingtiptoys.com
589,2142,Bishnu Bandopadhyay,(209) 555-0100,(209) 555-0101,bishnu@wingtiptoys.com
590,2143,Slavko Pavlovic,(209) 555-0100,(209) 555-0101,slavko@wingtiptoys.com
591,2144,Malorie Dupuy,(209) 555-0100,(209) 555-0101,malorie@wingtiptoys.com
592,2145,Doru Munteanu,(209) 555-0100,(209) 555-0101,doru@wingtiptoys.com
593,2146,Ankita Mittal,(209) 555-0100,(209) 555-0101,ankita@wingtiptoys.com
594,2147,Aile Aasmae,(239) 555-0100,(239) 555-0101,aile@wingtiptoys.com
595,2148,Ezgi Kaya,(239) 555-0100,(239) 555-0101,ezgi@wingtiptoys.com
596,2149,Ava Edden,(479) 555-0100,(479) 555-0101,ava@wingtiptoys.com
597,2150,Adirake Narkbunnum,(479) 555-0100,(479) 555-0101,adirake@wingtiptoys.com
598,2151,Manali Bose,(215) 555-0100,(215) 555-0101,manali@wingtiptoys.com
599,2152,Ji-min Jun,(215) 555-0100,(215) 555-0101,ji-min@wingtiptoys.com
600,2153,Astrid Poisson,(228) 555-0100,(228) 555-0101,astrid@wingtiptoys.com
601,2154,Timotej stakne,(228) 555-0100,(228) 555-0101,timotej@wingtiptoys.com
602,2155,Gi-Suk Heo,(215) 555-0100,(215) 555-0101,gi-suk@wingtiptoys.com
603,2156,Roman Tomek,(215) 555-0100,(215) 555-0101,roman@wingtiptoys.com
604,2157,Irma Kruze,(219) 555-0100,(219) 555-0101,irma@wingtiptoys.com
605,2158,VÄ›ra Stejskalova,(219) 555-0100,(219) 555-0101,vä›ra@wingtiptoys.com
606,2159,Dhaeraemdranaadh Pamulaparthi,(458) 555-0100,(458) 555-0101,dhaeraemdranaadh@wingtiptoys.com
607,2160,Victoria Brezeanu,(458) 555-0100,(458) 555-0101,victoria@wingtiptoys.com
608,2161,Agrita Kalnina,(314) 555-0100,(314) 555-0101,agrita@wingtiptoys.com
609,2162,Burak ozden,(314) 555-0100,(314) 555-0101,burak@wingtiptoys.com
610,2163,Ravindra Sandhu,(212) 555-0100,(212) 555-0101,ravindra@wingtiptoys.com
611,2164,Iulia Nechita,(212) 555-0100,(212) 555-0101,iulia@wingtiptoys.com
612,2165,Klara Rakus,(803) 555-0100,(803) 555-0101,klara@wingtiptoys.com
613,2166,Razeena Rezaei,(803) 555-0100,(803) 555-0101,razeena@wingtiptoys.com
614,2167,Am Lo,(803) 555-0100,(803) 555-0101,am@wingtiptoys.com
615,2168,Edmee Schol,(803) 555-0100,(803) 555-0101,edmee@wingtiptoys.com
616,2169,Sophie Van Lier,(316) 555-0100,(316) 555-0101,sophie@wingtiptoys.com
617,2170,Shiva Nair,(316) 555-0100,(316) 555-0101,shiva@wingtiptoys.com
618,2171,Dimitry Profis,(216) 555-0100,(216) 555-0101,dimitry@wingtiptoys.com
619,2172,Manindra Desai,(216) 555-0100,(216) 555-0101,manindra@wingtiptoys.com
620,2173,Jan Zeman,(215) 555-0100,(215) 555-0101,jan@wingtiptoys.com
621,2174,Jukka-Pekk Saarijarvi,(215) 555-0100,(215) 555-0101,jukka-pekk@wingtiptoys.com
622,2175,Ranjit Dikshit,(787) 555-0100,(787) 555-0101,ranjit@wingtiptoys.com
623,2176,Marek Blaho,(787) 555-0100,(787) 555-0101,marek@wingtiptoys.com
624,2177,Varuna Ganguly,(262) 555-0100,(262) 555-0101,varuna@wingtiptoys.com
625,2178,Natalia Pokorna,(262) 555-0100,(262) 555-0101,natalia@wingtiptoys.com
626,2179,Basak Tekin,(207) 555-0100,(207) 555-0101,basak@wingtiptoys.com
627,2180,Nicole Martinez,(207) 555-0100,(207) 555-0101,nicole@wingtiptoys.com
628,2181,Doru Tirlea,(217) 555-0100,(217) 555-0101,doru@wingtiptoys.com
629,2182,Hema Jujjavarapu,(217) 555-0100,(217) 555-0101,hema@wingtiptoys.com
630,2183,Jessica Perrine,(217) 555-0100,(217) 555-0101,jessica@wingtiptoys.com
631,2184,Mukta Sarkar,(217) 555-0100,(217) 555-0101,mukta@wingtiptoys.com
632,2185,Yavuz Cetinkaya,(240) 555-0100,(240) 555-0101,yavuz@wingtiptoys.com
633,2186,Jaydeb Ganguly,(240) 555-0100,(240) 555-0101,jaydeb@wingtiptoys.com
634,2187,Sirirat Kongpaisarn,(303) 555-0100,(303) 555-0101,sirirat@wingtiptoys.com
635,2188,Himani Sanyal,(303) 555-0100,(303) 555-0101,himani@wingtiptoys.com
636,2189,Claude Bonsaint,(215) 555-0100,(215) 555-0101,claude@wingtiptoys.com
637,2190,Gopal Thakur,(215) 555-0100,(215) 555-0101,gopal@wingtiptoys.com
638,2191,Roman Pajer,(209) 555-0100,(209) 555-0101,roman@wingtiptoys.com
639,2192,Floris Veenhuizen,(209) 555-0100,(209) 555-0101,floris@wingtiptoys.com
640,2193,Vitezslav Holy,(803) 555-0100,(803) 555-0101,vitezslav@wingtiptoys.com
641,2194,Paul Valbe,(803) 555-0100,(803) 555-0101,paul@wingtiptoys.com
642,2195,Devi Dewangan,(216) 555-0100,(216) 555-0101,devi@wingtiptoys.com
643,2196,William Bordelon,(216) 555-0100,(216) 555-0101,william@wingtiptoys.com
644,2197,Masa Buecek,(216) 555-0100,(216) 555-0101,masa@wingtiptoys.com
645,2198,Nguyet Trang,(216) 555-0100,(216) 555-0101,nguyet@wingtiptoys.com
646,2199,Bipin Modi,(423) 555-0100,(423) 555-0101,bipin@wingtiptoys.com
647,2200,Dattaatraeya Vangapandu,(423) 555-0100,(423) 555-0101,dattaatraeya@wingtiptoys.com
648,2201,Rahul Sarma,(802) 555-0100,(802) 555-0101,rahul@wingtiptoys.com
649,2202,Deeba Hemmati,(802) 555-0100,(802) 555-0101,deeba@wingtiptoys.com
650,2203,Alejandro Escobar,(218) 555-0100,(218) 555-0101,alejandro@wingtiptoys.com
651,2204,Milada Hadrabova,(218) 555-0100,(218) 555-0101,milada@wingtiptoys.com
652,2205,Andris Vitols,(252) 555-0100,(252) 555-0101,andris@wingtiptoys.com
653,2206,Lana Larsson,(252) 555-0100,(252) 555-0101,lana@wingtiptoys.com
654,2207,Mariela Weitzer,(207) 555-0100,(207) 555-0101,mariela@wingtiptoys.com
655,2208,David Lanctot,(207) 555-0100,(207) 555-0101,david@wingtiptoys.com
656,2209,Alain Pelland,(303) 555-0100,(303) 555-0101,alain@wingtiptoys.com
657,2210,Ik-Soo Jo,(303) 555-0100,(303) 555-0101,ik-soo@wingtiptoys.com
658,2211,Milica Stojkovic,(201) 555-0100,(201) 555-0101,milica@wingtiptoys.com
659,2212,Teemu Yli-Sirnio,(201) 555-0100,(201) 555-0101,teemu@wingtiptoys.com
660,2213,Natalie Horackova,(215) 555-0100,(215) 555-0101,natalie@wingtiptoys.com
661,2214,Francesca Greece,(215) 555-0100,(215) 555-0101,francesca@wingtiptoys.com
662,2215,Baalaaditya Rallapalli,(314) 555-0100,(314) 555-0101,baalaaditya@wingtiptoys.com
663,2216,Antonin Holy,(314) 555-0100,(314) 555-0101,antonin@wingtiptoys.com
664,2217,Matej Formanek,(303) 555-0100,(303) 555-0101,matej@wingtiptoys.com
665,2218,Mary Eder,(303) 555-0100,(303) 555-0101,mary@wingtiptoys.com
666,2219,Manish Ghosh,(219) 555-0100,(219) 555-0101,manish@wingtiptoys.com
667,2220,Anish Naidu,(219) 555-0100,(219) 555-0101,anish@wingtiptoys.com
668,2221,Pracha Nantakarn,(231) 555-0100,(231) 555-0101,pracha@wingtiptoys.com
669,2222,Malee Charoenkul,(231) 555-0100,(231) 555-0101,malee@wingtiptoys.com
670,2223,Charline Flamand,(605) 555-0100,(605) 555-0101,charline@wingtiptoys.com
671,2224,Dhavala Alladi,(605) 555-0100,(605) 555-0101,dhavala@wingtiptoys.com
672,2225,Teodor Vlad,(219) 555-0100,(219) 555-0101,teodor@wingtiptoys.com
673,2226,Peeter Keskula,(219) 555-0100,(219) 555-0101,peeter@wingtiptoys.com
674,2227,Anda Liepa,(603) 555-0100,(603) 555-0101,anda@wingtiptoys.com
675,2228,Deakshitulu Paruchuri,(603) 555-0100,(603) 555-0101,deakshitulu@wingtiptoys.com
676,2229,Jelena Utjesenovic,(210) 555-0100,(210) 555-0101,jelena@wingtiptoys.com
677,2230,Debbie Clark,(210) 555-0100,(210) 555-0101,debbie@wingtiptoys.com
678,2231,Adriana Horackova,(252) 555-0100,(252) 555-0101,adriana@wingtiptoys.com
679,2232,Suniti Bhat,(252) 555-0100,(252) 555-0101,suniti@wingtiptoys.com
680,2233,Miika Putkonen,(314) 555-0100,(314) 555-0101,miika@wingtiptoys.com
681,2234,Jose Williams,(314) 555-0100,(314) 555-0101,jose@wingtiptoys.com
682,2235,Padma Iyer,(505) 555-0100,(505) 555-0101,padma@wingtiptoys.com
683,2236,Cai Cao,(505) 555-0100,(505) 555-0101,cai@wingtiptoys.com
684,2237,Åšani Sen,(405) 555-0100,(405) 555-0101,åšani@wingtiptoys.com
685,2238,Ngu Hoa,(405) 555-0100,(405) 555-0101,ngu@wingtiptoys.com
686,2239,Helene Dupuy,(270) 555-0100,(270) 555-0101,helene@wingtiptoys.com
687,2240,Antonio Trentini,(270) 555-0100,(270) 555-0101,antonio@wingtiptoys.com
688,2241,omer ozbek,(205) 555-0100,(205) 555-0101,omer@wingtiptoys.com
689,2242,Andrei Bratianu,(205) 555-0100,(205) 555-0101,andrei@wingtiptoys.com
690,2243,Akshayakeerti Jandhyala,(240) 555-0100,(240) 555-0101,akshayakeerti@wingtiptoys.com
691,2244,Tereza Stolinova,(240) 555-0100,(240) 555-0101,tereza@wingtiptoys.com
692,2245,Ankolika Sen,(304) 555-0100,(304) 555-0101,ankolika@wingtiptoys.com
693,2246,Kristophe  Couet,(304) 555-0100,(304) 555-0101,kristophe @wingtiptoys.com
694,2247,Baalaamani Veturi,(218) 555-0100,(218) 555-0101,baalaamani@wingtiptoys.com
695,2248,Gustav Korjus,(218) 555-0100,(218) 555-0101,gustav@wingtiptoys.com
696,2249,Julia Konecna,(314) 555-0100,(314) 555-0101,julia@wingtiptoys.com
697,2250,Birgit Saar,(314) 555-0100,(314) 555-0101,birgit@wingtiptoys.com
698,2251,Madelaine  Paulet,(212) 555-0100,(212) 555-0101,madelaine @wingtiptoys.com
699,2252,Arundhati Bhowmick,(212) 555-0100,(212) 555-0101,arundhati@wingtiptoys.com
700,2253,Mario Jogi,(212) 555-0100,(212) 555-0101,mario@wingtiptoys.com
701,2254,Martina Omelkova,(212) 555-0100,(212) 555-0101,martina@wingtiptoys.com
702,2255,Kaya ozbek,(276) 555-0100,(276) 555-0101,kaya@wingtiptoys.com
703,2256,Lan Klanjcar,(276) 555-0100,(276) 555-0101,lan@wingtiptoys.com
704,2257,Seo-yeon Rim,(229) 555-0100,(229) 555-0101,seo-yeon@wingtiptoys.com
705,2258,Giovanna Araujo,(229) 555-0100,(229) 555-0101,giovanna@wingtiptoys.com
706,2259,Sitara Benjaree,(210) 555-0100,(210) 555-0101,sitara@wingtiptoys.com
707,2260,Roberts Sprogis,(210) 555-0100,(210) 555-0101,roberts@wingtiptoys.com
708,2261,Javier Caraballo,(231) 555-0100,(231) 555-0101,javier@wingtiptoys.com
709,2262,Coralie Brasseur,(231) 555-0100,(231) 555-0101,coralie@wingtiptoys.com
710,2263,Akhtar Shahrestaani,(229) 555-0100,(229) 555-0101,akhtar@wingtiptoys.com
711,2264,Priya Joshi,(229) 555-0100,(229) 555-0101,priya@wingtiptoys.com
712,2265,Vanita Bhowmick,(405) 555-0100,(405) 555-0101,vanita@wingtiptoys.com
713,2266,Bruna Cavalcante,(405) 555-0100,(405) 555-0101,bruna@wingtiptoys.com
714,2267,Nishant Menon,(225) 555-0100,(225) 555-0101,nishant@wingtiptoys.com
715,2268,Ratnam Singh,(225) 555-0100,(225) 555-0101,ratnam@wingtiptoys.com
716,2269,Josef Benda,(304) 555-0100,(304) 555-0101,josef@wingtiptoys.com
717,2270,Trishna Benipal,(304) 555-0100,(304) 555-0101,trishna@wingtiptoys.com
718,2271,Teresa Bender,(605) 555-0100,(605) 555-0101,teresa@wingtiptoys.com
719,2272,Diego Buccho,(605) 555-0100,(605) 555-0101,diego@wingtiptoys.com
720,2273,Deepesh Bose,(907) 555-0100,(907) 555-0101,deepesh@wingtiptoys.com
721,2274,Ambareesh Madhunapantula,(907) 555-0100,(907) 555-0101,ambareesh@wingtiptoys.com
722,2275,Madhavi Gupta,(228) 555-0100,(228) 555-0101,madhavi@wingtiptoys.com
723,2276,Indu Chowdary,(228) 555-0100,(228) 555-0101,indu@wingtiptoys.com
724,2277,Bich Banh,(215) 555-0100,(215) 555-0101,bich@wingtiptoys.com
725,2278,Lennart Kask,(215) 555-0100,(215) 555-0101,lennart@wingtiptoys.com
726,2279,Åšani Nair,(207) 555-0100,(207) 555-0101,åšani@wingtiptoys.com
727,2280,Cuc Tu,(207) 555-0100,(207) 555-0101,cuc@wingtiptoys.com
728,2281,Angelina Gormanston,(201) 555-0100,(201) 555-0101,angelina@wingtiptoys.com
729,2282,Prasanna Shetty,(201) 555-0100,(201) 555-0101,prasanna@wingtiptoys.com
730,2283,Prasert Supitayaporn,(219) 555-0100,(219) 555-0101,prasert@wingtiptoys.com
731,2284,Gulzar Parkar,(219) 555-0100,(219) 555-0101,gulzar@wingtiptoys.com
732,2285,Abhaya Rambhatla,(231) 555-0100,(231) 555-0101,abhaya@wingtiptoys.com
733,2286,Naveed Alizadeh,(231) 555-0100,(231) 555-0101,naveed@wingtiptoys.com
734,2287,Lalit Ogra,(205) 555-0100,(205) 555-0101,lalit@wingtiptoys.com
735,2288,Badanika Vankayala,(205) 555-0100,(205) 555-0101,badanika@wingtiptoys.com
736,2289,Mina Bagheri,(319) 555-0100,(319) 555-0101,mina@wingtiptoys.com
737,2290,Lien Lo,(319) 555-0100,(319) 555-0101,lien@wingtiptoys.com
738,2291,Debraj Sanyal,(239) 555-0100,(239) 555-0101,debraj@wingtiptoys.com
739,2292,Tara KlanCisar,(239) 555-0100,(239) 555-0101,tara@wingtiptoys.com
740,2293,Marco Costa,(701) 555-0100,(701) 555-0101,marco@wingtiptoys.com
741,2294,Alessandra Gallo,(701) 555-0100,(701) 555-0101,alessandra@wingtiptoys.com
742,2295,Crina Nechita,(217) 555-0100,(217) 555-0101,crina@wingtiptoys.com
743,2296,Yi Min Zhong,(217) 555-0100,(217) 555-0101,yi min@wingtiptoys.com
744,2297,Zala Ibrahimagic,(212) 555-0100,(212) 555-0101,zala@wingtiptoys.com
745,2298,Wander Ellenbroek,(212) 555-0100,(212) 555-0101,wander@wingtiptoys.com
746,2299,Gundega Kundzina,(479) 555-0100,(479) 555-0101,gundega@wingtiptoys.com
747,2300,Damyanti Byrraju,(479) 555-0100,(479) 555-0101,damyanti@wingtiptoys.com
748,2301,Parveen Haldar,(219) 555-0100,(219) 555-0101,parveen@wingtiptoys.com
749,2302,Chau Chu,(219) 555-0100,(219) 555-0101,chau@wingtiptoys.com
750,2303,Noel Cartier,(215) 555-0100,(215) 555-0101,noel@wingtiptoys.com
751,2304,Aet Kasesalu,(215) 555-0100,(215) 555-0101,aet@wingtiptoys.com
752,2305,Ilgonis Dzenis,(210) 555-0100,(210) 555-0101,ilgonis@wingtiptoys.com
753,2306,Emine Gungor,(210) 555-0100,(210) 555-0101,emine@wingtiptoys.com
754,2307,Ondrej Tomek,(219) 555-0100,(219) 555-0101,ondrej@wingtiptoys.com
755,2308,Ngon Ta,(219) 555-0100,(219) 555-0101,ngon@wingtiptoys.com
756,2309,Mohini Kaul,(240) 555-0100,(240) 555-0101,mohini@wingtiptoys.com
757,2310,Alejandro Baeza,(240) 555-0100,(240) 555-0101,alejandro@wingtiptoys.com
758,2311,Arnab Malakar,(210) 555-0100,(210) 555-0101,arnab@wingtiptoys.com
759,2312,Anupam Majumdar,(210) 555-0100,(210) 555-0101,anupam@wingtiptoys.com
760,2313,Mary Barney,(505) 555-0100,(505) 555-0101,mary@wingtiptoys.com
761,2314,Amit Ghatak,(505) 555-0100,(505) 555-0101,amit@wingtiptoys.com
762,2315,Dhaeraemdranaadh Allu,(216) 555-0100,(216) 555-0101,dhaeraemdranaadh@wingtiptoys.com
763,2316,Abel Pirvu,(216) 555-0100,(216) 555-0101,abel@wingtiptoys.com
764,2317,Paola Greece,(210) 555-0100,(210) 555-0101,paola@wingtiptoys.com
765,2318,Izabella Baltina,(210) 555-0100,(210) 555-0101,izabella@wingtiptoys.com
766,2319,Flora Olofsson,(787) 555-0100,(787) 555-0101,flora@wingtiptoys.com
767,2320,Vitezslav Drdla,(787) 555-0100,(787) 555-0101,vitezslav@wingtiptoys.com
768,2321,Nguyet Bach,(205) 555-0100,(205) 555-0101,nguyet@wingtiptoys.com
769,2322,Ratnam Sidhu,(205) 555-0100,(205) 555-0101,ratnam@wingtiptoys.com
770,2323,Jyoti Karnik,(803) 555-0100,(803) 555-0101,jyoti@wingtiptoys.com
771,2324,Dattu Gummadi,(803) 555-0100,(803) 555-0101,dattu@wingtiptoys.com
772,2325,Samuel Almaraz,(458) 555-0100,(458) 555-0101,samuel@wingtiptoys.com
773,2326,Filip Bunderla,(458) 555-0100,(458) 555-0101,filip@wingtiptoys.com
774,2327,Zuzana Kuchtova,(262) 555-0100,(262) 555-0101,zuzana@wingtiptoys.com
775,2328,Elias Niemi,(262) 555-0100,(262) 555-0101,elias@wingtiptoys.com
776,2329,Mark Ruutel,(307) 555-0100,(307) 555-0101,mark@wingtiptoys.com
777,2330,Carla Osorio,(307) 555-0100,(307) 555-0101,carla@wingtiptoys.com
778,2331,Corneliu Vladu,(480) 555-0100,(480) 555-0101,corneliu@wingtiptoys.com
779,2332,Ivo Valek,(480) 555-0100,(480) 555-0101,ivo@wingtiptoys.com
780,2333,Severins Polis,(216) 555-0100,(216) 555-0101,severins@wingtiptoys.com
781,2334,Chandran Bhattacharya,(216) 555-0100,(216) 555-0101,chandran@wingtiptoys.com
782,2335,Linda Ledezma,(210) 555-0100,(210) 555-0101,linda@wingtiptoys.com
783,2336,Zbynek Vacha,(210) 555-0100,(210) 555-0101,zbynek@wingtiptoys.com
784,2337,Halit Gunes,(239) 555-0100,(239) 555-0101,halit@wingtiptoys.com
785,2338,Indu Nambiar,(239) 555-0100,(239) 555-0101,indu@wingtiptoys.com
786,2339,Vallo Vesik,(205) 555-0100,(205) 555-0101,vallo@wingtiptoys.com
787,2340,Dayaram Raut,(205) 555-0100,(205) 555-0101,dayaram@wingtiptoys.com
788,2341,Dana Mrazova,(802) 555-0100,(802) 555-0101,dana@wingtiptoys.com
789,2342,Saraswati Beniwal,(802) 555-0100,(802) 555-0101,saraswati@wingtiptoys.com
790,2343,Ema Slosar,(215) 555-0100,(215) 555-0101,ema@wingtiptoys.com
791,2344,Arto Heikkinen,(215) 555-0100,(215) 555-0101,arto@wingtiptoys.com
792,2345,Hemchandra Debnath,(209) 555-0100,(209) 555-0101,hemchandra@wingtiptoys.com
793,2346,Bala Ogra,(209) 555-0100,(209) 555-0101,bala@wingtiptoys.com
794,2347,Monika Valentova,(458) 555-0100,(458) 555-0101,monika@wingtiptoys.com
795,2348,Anuj Sonkar,(458) 555-0100,(458) 555-0101,anuj@wingtiptoys.com
796,2349,Dattaatraeya Tottempudi,(212) 555-0100,(212) 555-0101,dattaatraeya@wingtiptoys.com
797,2350,Emilia Samaniego,(212) 555-0100,(212) 555-0101,emilia@wingtiptoys.com
798,2351,Kahkushan Shakiba,(217) 555-0100,(217) 555-0101,kahkushan@wingtiptoys.com
799,2352,Hathai Mookjai,(217) 555-0100,(217) 555-0101,hathai@wingtiptoys.com
800,2353,Taner YÄ±lmaz,(212) 555-0100,(212) 555-0101,taner@wingtiptoys.com
801,2354,Birol Arslan,(212) 555-0100,(212) 555-0101,birol@wingtiptoys.com
802,2355,Abhra Thakur,(215) 555-0100,(215) 555-0101,abhra@wingtiptoys.com
803,2356,Uma Khalsa,(215) 555-0100,(215) 555-0101,uma@wingtiptoys.com
804,2357,Dunja Radoncis,(215) 555-0100,(215) 555-0101,dunja@wingtiptoys.com
805,2358,Olya Seleznyov,(215) 555-0100,(215) 555-0101,olya@wingtiptoys.com
806,2359,Darakhshan Javaherian,(215) 555-0100,(215) 555-0101,darakhshan@wingtiptoys.com
807,2360,Alexandre  L'Angelier,(215) 555-0100,(215) 555-0101,alexandre @wingtiptoys.com
808,2361,Youssef Eriksson,(701) 555-0100,(701) 555-0101,youssef@wingtiptoys.com
809,2362,Arunima Ganguly,(701) 555-0100,(701) 555-0101,arunima@wingtiptoys.com
810,2363,Pavel Bohuslav,(505) 555-0100,(505) 555-0101,pavel@wingtiptoys.com
811,2364,Mahendra Trivedi,(505) 555-0100,(505) 555-0101,mahendra@wingtiptoys.com
812,2365,Jiri Vacha,(209) 555-0100,(209) 555-0101,jiri@wingtiptoys.com
813,2366,Constanta Dita,(209) 555-0100,(209) 555-0101,constanta@wingtiptoys.com
814,2367,Magdalena Cervenkova,(405) 555-0100,(405) 555-0101,magdalena@wingtiptoys.com
815,2368,Sylvie Panetier,(405) 555-0100,(405) 555-0101,sylvie@wingtiptoys.com
816,2369,Asha Mudigonda,(201) 555-0100,(201) 555-0101,asha@wingtiptoys.com
817,2370,Jaya Benjaree,(201) 555-0100,(201) 555-0101,jaya@wingtiptoys.com
818,2371,Anete Kundzina,(239) 555-0100,(239) 555-0101,anete@wingtiptoys.com
819,2372,Petr Drdla,(239) 555-0100,(239) 555-0101,petr@wingtiptoys.com
820,2373,Daniela Sal,(210) 555-0100,(210) 555-0101,daniela@wingtiptoys.com
821,2374,Kunal Nakhtare,(210) 555-0100,(210) 555-0101,kunal@wingtiptoys.com
822,2375,Duangrat Atitarn,(210) 555-0100,(210) 555-0101,duangrat@wingtiptoys.com
823,2376,Ella Celmina,(210) 555-0100,(210) 555-0101,ella@wingtiptoys.com
824,2377,Deviprasad PrabhupÄda,(605) 555-0100,(605) 555-0101,deviprasad@wingtiptoys.com
825,2378,Tess Seegers,(605) 555-0100,(605) 555-0101,tess@wingtiptoys.com
826,2379,Aija Lukstina,(252) 555-0100,(252) 555-0101,aija@wingtiptoys.com
827,2380,Sanjay Cheema,(252) 555-0100,(252) 555-0101,sanjay@wingtiptoys.com
828,2381,Hoc Le,(208) 555-0100,(208) 555-0101,hoc@wingtiptoys.com
829,2382,Blagoje Pavlovic,(208) 555-0100,(208) 555-0101,blagoje@wingtiptoys.com
830,2383,Bhairaam Kidambi,(319) 555-0100,(319) 555-0101,bhairaam@wingtiptoys.com
831,2384,Aleksandrs Cirulis,(319) 555-0100,(319) 555-0101,aleksandrs@wingtiptoys.com
832,2385,Jae-Hwa Shin,(505) 555-0100,(505) 555-0101,jae-hwa@wingtiptoys.com
833,2386,Mala Naicker,(505) 555-0100,(505) 555-0101,mala@wingtiptoys.com
834,2387,Caterina Fallaci,(210) 555-0100,(210) 555-0101,caterina@wingtiptoys.com
835,2388,Brayden Macnamara,(210) 555-0100,(210) 555-0101,brayden@wingtiptoys.com
836,2389,Baanuraekha Voleti,(276) 555-0100,(276) 555-0101,baanuraekha@wingtiptoys.com
837,2390,Renata Alva,(276) 555-0100,(276) 555-0101,renata@wingtiptoys.com
838,2391,Ranjeet Haldar,(203) 555-0100,(203) 555-0101,ranjeet@wingtiptoys.com
839,2392,Mandeep Desai,(203) 555-0100,(203) 555-0101,mandeep@wingtiptoys.com
840,2393,Bhaamini Kanaparthi,(907) 555-0100,(907) 555-0101,bhaamini@wingtiptoys.com
841,2394,Sun-Hi Oh,(907) 555-0100,(907) 555-0101,sun-hi@wingtiptoys.com
842,2395,Margit Molnar,(808) 555-0100,(808) 555-0101,margit@wingtiptoys.com
843,2396,Amanda Kaulina,(808) 555-0100,(808) 555-0101,amanda@wingtiptoys.com
844,2397,Chandni Jandhyala,(210) 555-0100,(210) 555-0101,chandni@wingtiptoys.com
845,2398,Verona Sykorova,(210) 555-0100,(210) 555-0101,verona@wingtiptoys.com
846,2399,Ljubomir Nesic,(231) 555-0100,(231) 555-0101,ljubomir@wingtiptoys.com
847,2400,Izan Arana,(231) 555-0100,(231) 555-0101,izan@wingtiptoys.com
848,2401,Telma Hermansson,(240) 555-0100,(240) 555-0101,telma@wingtiptoys.com
849,2402,Lubomir Spousta,(240) 555-0100,(240) 555-0101,lubomir@wingtiptoys.com
850,3001,Eric Torres,(307) 555-0100,(307) 555-0101,eric@example.com
851,3002,Cosmina Vlad,(505) 555-0100,(505) 555-0101,cosmina@example.com
852,3003,Bala Dixit,(209) 555-0100,(209) 555-0101,bala@example.com
853,3004,Aleksandrs Riekstins,(605) 555-0100,(605) 555-0101,aleksandrs@example.com
854,3005,Ratan Poddar,(907) 555-0100,(907) 555-0101,ratan@example.com
855,3006,Shi Tu,(307) 555-0100,(307) 555-0101,shi@example.com
856,3007,Gunnar Lohmus,(201) 555-0100,(201) 555-0101,gunnar@example.com
857,3008,Jackson Kolios,(209) 555-0100,(209) 555-0101,jackson@example.com
858,3009,Madhu Dwivedi,(802) 555-0100,(802) 555-0101,madhu@example.com
859,3010,Alena Kellnerova,(303) 555-0100,(303) 555-0101,alena@example.com
860,3011,Surendra Sahu,(210) 555-0100,(210) 555-0101,surendra@example.com
861,3012,Celica Barajas,(270) 555-0100,(270) 555-0101,celica@example.com
862,3013,Shyam Poddar,(218) 555-0100,(218) 555-0101,shyam@example.com
863,3014,Johanna Hoornstra,(210) 555-0100,(210) 555-0101,johanna@example.com
864,3015,Libuse Valentova,(270) 555-0100,(270) 555-0101,libuse@example.com
865,3016,Harsha Huq,(314) 555-0100,(314) 555-0101,harsha@example.com
866,3017,Agrita Kanepa,(201) 555-0100,(201) 555-0101,agrita@example.com
867,3018,Liia Orav,(252) 555-0100,(252) 555-0101,liia@example.com
868,3019,Santiago Vera,(304) 555-0100,(304) 555-0101,santiago@example.com
869,3020,Knut Svensson,(201) 555-0100,(201) 555-0101,knut@example.com
870,3021,Kwanjai Saowaluk,(787) 555-0100,(787) 555-0101,kwanjai@example.com
871,3022,Suparna Bhattacharya,(314) 555-0100,(314) 555-0101,suparna@example.com
872,3023,Francisca Laureano,(319) 555-0100,(319) 555-0101,francisca@example.com
873,3024,Risto Valbe,(205) 555-0100,(205) 555-0101,risto@example.com
874,3025,Jayanta Thakur,(276) 555-0100,(276) 555-0101,jayanta@example.com
875,3026,Leila Carvalho,(217) 555-0100,(217) 555-0101,leila@example.com
876,3027,Crina Grasu,(308) 555-0100,(308) 555-0101,crina@example.com
877,3028,Sercan Celik,(217) 555-0100,(217) 555-0101,sercan@example.com
878,3029,Jack Walker,(316) 555-0100,(316) 555-0101,jack@example.com
879,3030,Jana Fialova,(215) 555-0100,(215) 555-0101,jana@example.com
880,3031,Bhaavan Rai,(308) 555-0100,(308) 555-0101,bhaavan@example.com
881,3032,Aakriti Byrraju,(216) 555-0100,(216) 555-0101,aakriti@example.com
882,3033,Devraj Rao,(385) 555-0100,(385) 555-0101,devraj@example.com
883,3034,Cong Hoa,(212) 555-0100,(212) 555-0101,cong@example.com
884,3035,Dominic Davignon,(209) 555-0100,(209) 555-0101,dominic@example.com
885,3036,Abel Spirlea,(218) 555-0100,(218) 555-0101,abel@example.com
886,3037,Anil Sarkar,(215) 555-0100,(215) 555-0101,anil@example.com
887,3038,Pavel Bogdanov,(339) 555-0100,(339) 555-0101,pavel@example.com
888,3039,Juan Morse,(423) 555-0100,(423) 555-0101,juan@example.com
889,3040,Rodrigo Figueiredo,(803) 555-0100,(803) 555-0101,rodrigo@example.com
890,3041,Camille Authier,(252) 555-0100,(252) 555-0101,camille@example.com
891,3042,Biju Deb,(218) 555-0100,(218) 555-0101,biju@example.com
892,3043,Marija Justina Pasek,(215) 555-0100,(215) 555-0101,marija justina@example.com
893,3044,Durdanah Abbasi,(201) 555-0100,(201) 555-0101,durdanah@example.com
894,3045,Emilie Hrdlickova,(803) 555-0100,(803) 555-0101,emilie@example.com
895,3046,Malorie Bousquet,(209) 555-0100,(209) 555-0101,malorie@example.com
896,3047,Kristiina Ivanov,(605) 555-0100,(605) 555-0101,kristiina@example.com
897,3048,Alvin Bollinger,(270) 555-0100,(270) 555-0101,alvin@example.com
898,3049,Sabine Zalite,(210) 555-0100,(210) 555-0101,sabine@example.com
899,3050,Daakshaayaani Sankaramanchi,(319) 555-0100,(319) 555-0101,daakshaayaani@example.com
900,3051,Ebru Erdogan,(405) 555-0100,(405) 555-0101,ebru@example.com
901,3052,Bhagavaan Atluri,(229) 555-0100,(229) 555-0101,bhagavaan@example.com
902,3053,Caterina Pinto,(907) 555-0100,(907) 555-0101,caterina@example.com
903,3054,Daakshaayaani Kommineni,(239) 555-0100,(239) 555-0101,daakshaayaani@example.com
904,3055,Anna Mazzanti,(314) 555-0100,(314) 555-0101,anna@example.com
905,3056,Satish Mittal,(215) 555-0100,(215) 555-0101,satish@example.com
906,3057,Clarissa Manfrin,(210) 555-0100,(210) 555-0101,clarissa@example.com
907,3058,Bimla PrabhupÄda,(209) 555-0100,(209) 555-0101,bimla@example.com
908,3059,Shah Alizadeh,(304) 555-0100,(304) 555-0101,shah@example.com
909,3060,Marcela Lucescu,(231) 555-0100,(231) 555-0101,marcela@example.com
910,3061,Amarasimha Vinjamuri,(339) 555-0100,(339) 555-0101,amarasimha@example.com
911,3062,Lana Goransson,(212) 555-0100,(212) 555-0101,lana@example.com
912,3063,Jakub Lukes,(212) 555-0100,(212) 555-0101,jakub@example.com
913,3064,Mikhail Degtyarev,(218) 555-0100,(218) 555-0101,mikhail@example.com
914,3065,Bijoya Thakur,(225) 555-0100,(225) 555-0101,bijoya@example.com
915,3066,Jay Bhuiyan,(215) 555-0100,(215) 555-0101,jay@example.com
916,3067,Jasna Cerkez,(304) 555-0100,(304) 555-0101,jasna@example.com
917,3068,Laura Sykorova,(316) 555-0100,(316) 555-0101,laura@example.com
918,3069,Abel Tatarescu,(217) 555-0100,(217) 555-0101,abel@example.com
919,3070,In-Su Bae,(206) 555-0100,(206) 555-0101,in-su@example.com
920,3071,Darshana Madhunapantula,(240) 555-0100,(240) 555-0101,darshana@example.com
921,3072,Katerina Hadrabova,(219) 555-0100,(219) 555-0101,katerina@example.com
922,3073,Hana Hlouskova,(505) 555-0100,(505) 555-0101,hana@example.com
923,3074,Daniel Martensson,(225) 555-0100,(225) 555-0101,daniel@example.com
924,3075,Philip Walker,(216) 555-0100,(216) 555-0101,philip@example.com
925,3076,Marie LeBatelier,(210) 555-0100,(210) 555-0101,marie@example.com
926,3077,Leyla Siavashi,(201) 555-0100,(201) 555-0101,leyla@example.com
927,3078,Miriam House,(701) 555-0100,(701) 555-0101,miriam@example.com
928,3079,Jitka Necesana,(212) 555-0100,(212) 555-0101,jitka@example.com
929,3080,Edmee Glissen,(208) 555-0100,(208) 555-0101,edmee@example.com
930,3081,Magdalena Michnova,(907) 555-0100,(907) 555-0101,magdalena@example.com
931,3082,Maryann Huddleston,(304) 555-0100,(304) 555-0101,maryann@example.com
932,3083,Radha Barua,(405) 555-0100,(405) 555-0101,radha@example.com
933,3084,Anindya Ghatak,(219) 555-0100,(219) 555-0101,anindya@example.com
934,3085,Chandrashekhar Dasgupta,(208) 555-0100,(208) 555-0101,chandrashekhar@example.com
935,3086,Debbie Molina,(270) 555-0100,(270) 555-0101,debbie@example.com
936,3087,Baran Jonsson,(458) 555-0100,(458) 555-0101,baran@example.com
937,3088,Jai Lamble,(479) 555-0100,(479) 555-0101,jai@example.com
938,3089,Sointu Savonheimo,(701) 555-0100,(701) 555-0101,sointu@example.com
939,3090,Olya Izmaylov,(210) 555-0100,(210) 555-0101,olya@example.com
940,3091,Taneli Riutta,(276) 555-0100,(276) 555-0101,taneli@example.com
941,3092,Bahaar Asef zade,(225) 555-0100,(225) 555-0101,bahaar@example.com
942,3093,Leyla Asef zade,(216) 555-0100,(216) 555-0101,leyla@example.com
943,3094,Gabriela Hernandes,(239) 555-0100,(239) 555-0101,gabriela@example.com
944,3095,Geza Roman,(215) 555-0100,(215) 555-0101,geza@example.com
945,3096,Leonardo Folliero,(339) 555-0100,(339) 555-0101,leonardo@example.com
946,3097,Allan Mannik,(218) 555-0100,(218) 555-0101,allan@example.com
947,3098,Gopalgobinda Sikdar,(307) 555-0100,(307) 555-0101,gopalgobinda@example.com
948,3099,Chin-Sun Chang,(605) 555-0100,(605) 555-0101,chin-sun@example.com
949,3100,Lilli Sokk,(229) 555-0100,(229) 555-0101,lilli@example.com
950,3101,Adrian Andreasson,(217) 555-0100,(217) 555-0101,adrian@example.com
951,3102,Kamila Michnova,(210) 555-0100,(210) 555-0101,kamila@example.com
952,3103,Bing Han,(228) 555-0100,(228) 555-0101,bing@example.com
953,3104,Olafs Rozitis,(316) 555-0100,(316) 555-0101,olafs@example.com
954,3105,Sara Huiting,(218) 555-0100,(218) 555-0101,sara@example.com
955,3106,Ajitaab Pakalapati,(209) 555-0100,(209) 555-0101,ajitaab@example.com
956,3107,Eugen Agafitei,(252) 555-0100,(252) 555-0101,eugen@example.com
957,3108,Sumati Bhat,(206) 555-0100,(206) 555-0101,sumati@example.com
958,3109,Dena Glissen,(316) 555-0100,(316) 555-0101,dena@example.com
959,3110,Elina Kaleja,(225) 555-0100,(225) 555-0101,elina@example.com
960,3111,Liidia Lepp,(276) 555-0100,(276) 555-0101,liidia@example.com
961,3112,Volkan senturk,(276) 555-0100,(276) 555-0101,volkan@example.com
962,3113,Violetta KlanCisar,(225) 555-0100,(225) 555-0101,violetta@example.com
963,3114,Chandana Shasthri,(803) 555-0100,(803) 555-0101,chandana@example.com
964,3115,Ana Florea,(210) 555-0100,(210) 555-0101,ana@example.com
965,3116,Pinja Jantunen,(308) 555-0100,(308) 555-0101,pinja@example.com
966,3117,Pari Hosseini,(505) 555-0100,(505) 555-0101,pari@example.com
967,3118,Isidora Morales,(406) 555-0100,(406) 555-0101,isidora@example.com
968,3119,Kertu Sokk,(212) 555-0100,(212) 555-0101,kertu@example.com
969,3120,Gayatri Gajula,(212) 555-0100,(212) 555-0101,gayatri@example.com
970,3121,Victoria Lacusta,(212) 555-0100,(212) 555-0101,victoria@example.com
971,3122,Sumati Chatterjee,(231) 555-0100,(231) 555-0101,sumati@example.com
972,3123,Tai Bach,(219) 555-0100,(219) 555-0101,tai@example.com
973,3124,Eva Schulteisz,(252) 555-0100,(252) 555-0101,eva@example.com
974,3125,Can ozcan,(215) 555-0100,(215) 555-0101,can@example.com
975,3126,Richard Friar,(339) 555-0100,(339) 555-0101,richard@example.com
976,3127,Matyas Sedlar,(270) 555-0100,(270) 555-0101,matyas@example.com
977,3128,Arijit Bhuiyan,(212) 555-0100,(212) 555-0101,arijit@example.com
978,3129,Vladimir Henzl,(907) 555-0100,(907) 555-0101,vladimir@example.com
979,3130,Shantanu Huq,(252) 555-0100,(252) 555-0101,shantanu@example.com
980,3131,Nada Jovanovic,(215) 555-0100,(215) 555-0101,nada@example.com
981,3132,Nicolo Cattaneo,(212) 555-0100,(212) 555-0101,nicolo@example.com
982,3133,Joel Carrillo,(405) 555-0100,(405) 555-0101,joel@example.com
983,3134,Ivan Sepulveda,(218) 555-0100,(218) 555-0101,ivan@example.com
984,3135,Daevasree Samavedam,(201) 555-0100,(201) 555-0101,daevasree@example.com
985,3136,Ludmila Smidova,(480) 555-0100,(480) 555-0101,ludmila@example.com
986,3137,Manca Hrastovsek,(205) 555-0100,(205) 555-0101,manca@example.com
987,3138,Anna Gyarmathi,(252) 555-0100,(252) 555-0101,anna@example.com
988,3139,Ioana Florea,(339) 555-0100,(339) 555-0101,ioana@example.com
989,3140,Lorin Astrom,(210) 555-0100,(210) 555-0101,lorin@example.com
990,3141,Bishwa Chatterjee,(239) 555-0100,(239) 555-0101,bishwa@example.com
991,3142,Chaayaadaevi Sonti,(217) 555-0100,(217) 555-0101,chaayaadaevi@example.com
992,3143,Drazenka Jelic,(803) 555-0100,(803) 555-0101,drazenka@example.com
993,3144,Ida Celma,(319) 555-0100,(319) 555-0101,ida@example.com
994,3145,Hoc Tran,(339) 555-0100,(339) 555-0101,hoc@example.com
995,3146,David safranek,(215) 555-0100,(215) 555-0101,david@example.com
996,3147,Svetlana Todorovic,(206) 555-0100,(206) 555-0101,svetlana@example.com
997,3148,Richard Zahradnicek,(314) 555-0100,(314) 555-0101,richard@example.com
998,3149,Seo-yun Paik,(210) 555-0100,(210) 555-0101,seo-yun@example.com
999,3150,Emily Whittle,(231) 555-0100,(231) 555-0101,emily@example.com
1000,3151,Eliza Persson,(209) 555-0100,(209) 555-0101,eliza@example.com
1001,3152,Chuan Wattanasin,(217) 555-0100,(217) 555-0101,chuan@example.com
1002,3153,Linh Dao,(228) 555-0100,(228) 555-0101,linh@example.com
1003,3154,Nasrin Omidzadeh,(239) 555-0100,(239) 555-0101,nasrin@example.com
1004,3155,Raghu Sandhu,(240) 555-0100,(240) 555-0101,raghu@example.com
1005,3156,Nhung Thach,(480) 555-0100,(480) 555-0101,nhung@example.com
1006,3157,Hee-Young Suh,(209) 555-0100,(209) 555-0101,hee-young@example.com
1007,3158,Valentin Tirlea,(210) 555-0100,(210) 555-0101,valentin@example.com
1008,3159,Dhaatri Chavva,(207) 555-0100,(207) 555-0101,dhaatri@example.com
1009,3160,Edgar Jogi,(209) 555-0100,(209) 555-0101,edgar@example.com
1010,3161,Rani Ganguly,(209) 555-0100,(209) 555-0101,rani@example.com
1011,3162,Bhagavati Vinjamuri,(319) 555-0100,(319) 555-0101,bhagavati@example.com
1012,3163,Be Trang,(405) 555-0100,(405) 555-0101,be@example.com
1013,3164,Ingrida Zeltina,(239) 555-0100,(239) 555-0101,ingrida@example.com
1014,3165,Phoung Cu,(208) 555-0100,(208) 555-0101,phoung@example.com
1015,3166,Sara Walkky,(303) 555-0100,(303) 555-0101,sara@example.com
1016,3167,Meera Patel,(217) 555-0100,(217) 555-0101,meera@example.com
1017,3168,Anca Gogean,(209) 555-0100,(209) 555-0101,anca@example.com
1018,3169,Staffan Persson,(314) 555-0100,(314) 555-0101,staffan@example.com
1019,3170,Isidora Urias,(239) 555-0100,(239) 555-0101,isidora@example.com
1020,3171,Dhanishta Mokkapati,(907) 555-0100,(907) 555-0101,dhanishta@example.com
1021,3172,Lakshmi Benipal,(209) 555-0100,(209) 555-0101,lakshmi@example.com
1022,3173,Kumar Kamei,(304) 555-0100,(304) 555-0101,kumar@example.com
1023,3174,Emil Roman,(210) 555-0100,(210) 555-0101,emil@example.com
1024,3175,Prabodh Nair,(605) 555-0100,(605) 555-0101,prabodh@example.com
1025,3176,Alinne Matos,(229) 555-0100,(229) 555-0101,alinne@example.com
1026,3177,Mauno Laurila,(216) 555-0100,(216) 555-0101,mauno@example.com
1027,3178,Baalaamjali Devulapalli,(505) 555-0100,(505) 555-0101,baalaamjali@example.com
1028,3179,Melani Ravlen,(405) 555-0100,(405) 555-0101,melani@example.com
1029,3180,Om Yadav,(262) 555-0100,(262) 555-0101,om@example.com
1030,3181,Mahmut ozbek,(339) 555-0100,(339) 555-0101,mahmut@example.com
1031,3182,Yves Belisle,(480) 555-0100,(480) 555-0101,yves@example.com
1032,3183,Sabine Alksne,(479) 555-0100,(479) 555-0101,sabine@example.com
1033,3184,Kamala Nishad,(201) 555-0100,(201) 555-0101,kamala@example.com
1034,3185,Roko Ilic,(262) 555-0100,(262) 555-0101,roko@example.com
1035,3186,Neil Farrelly,(215) 555-0100,(215) 555-0101,neil@example.com
1036,3187,Akhil Nadar,(479) 555-0100,(479) 555-0101,akhil@example.com
1037,3188,Maksims Krastins,(304) 555-0100,(304) 555-0101,maksims@example.com
1038,3189,Milinka Zujovic,(316) 555-0100,(316) 555-0101,milinka@example.com
1039,3190,Andris Saulitis,(210) 555-0100,(210) 555-0101,andris@example.com
1040,3191,Valter Viiding,(216) 555-0100,(216) 555-0101,valter@example.com
1041,3192,Amarakumaar Gadiyaram,(303) 555-0100,(303) 555-0101,amarakumaar@example.com
1042,3193,Gasper Havzija,(314) 555-0100,(314) 555-0101,gasper@example.com
1043,3194,Libuse Kuchtova,(210) 555-0100,(210) 555-0101,libuse@example.com
1044,3195,Kumar Naicker,(262) 555-0100,(262) 555-0101,kumar@example.com
1045,3196,Laszlo Gardenier,(215) 555-0100,(215) 555-0101,laszlo@example.com
1046,3197,Nada Ana Slosar,(239) 555-0100,(239) 555-0101,nada ana@example.com
1047,3198,Mahavir Sonkar,(505) 555-0100,(505) 555-0101,mahavir@example.com
1048,3199,Kristi Part,(702) 555-0100,(702) 555-0101,kristi@example.com
1049,3200,Krishnam Allu,(405) 555-0100,(405) 555-0101,krishnam@example.com
1050,3201,Dinh Mai,(210) 555-0100,(210) 555-0101,dinh@example.com
1051,3202,Stefan Selezeanu,(212) 555-0100,(212) 555-0101,stefan@example.com
1052,3203,Hue Ton,(252) 555-0100,(252) 555-0101,hue@example.com
1053,3204,Drishti Bose,(479) 555-0100,(479) 555-0101,drishti@example.com
1054,3205,Bhadram Kamasamudram,(802) 555-0100,(802) 555-0101,bhadram@example.com
1055,3206,Taj Syme,(216) 555-0100,(216) 555-0101,taj@example.com
1056,3207,Irma Berzina,(458) 555-0100,(458) 555-0101,irma@example.com
1057,3208,Vedrana Kovacevic,(479) 555-0100,(479) 555-0101,vedrana@example.com
1058,3209,Bhagavateeprasaad Malladi,(479) 555-0100,(479) 555-0101,bhagavateeprasaad@example.com
1059,3210,Serdar ozCelik,(210) 555-0100,(210) 555-0101,serdar@example.com
1060,3211,Rajeev Sandhu,(458) 555-0100,(458) 555-0101,rajeev@example.com
1061,3212,Urve Kasesalu,(319) 555-0100,(319) 555-0101,urve@example.com
1062,3213,Annette  Hetu,(405) 555-0100,(405) 555-0101,annette @example.com
1063,3214,Narendra Tickoo,(803) 555-0100,(803) 555-0101,narendra@example.com
1064,3215,Isa Hulsegge,(252) 555-0100,(252) 555-0101,isa@example.com
1065,3216,Aive Petrov,(316) 555-0100,(316) 555-0101,aive@example.com
1066,3217,David Novacek ,(423) 555-0100,(423) 555-0101,david@example.com
1067,3218,Nils Kaulins,(406) 555-0100,(406) 555-0101,nils@example.com
1068,3219,Dhanishta Pullela,(304) 555-0100,(304) 555-0101,dhanishta@example.com
1069,3220,Hai Banh,(252) 555-0100,(252) 555-0101,hai@example.com
1070,3221,Fabrice Cloutier,(252) 555-0100,(252) 555-0101,fabrice@example.com
1071,3222,Nadir Seddigh,(907) 555-0100,(907) 555-0101,nadir@example.com
1072,3223,Farzana Habibi,(219) 555-0100,(219) 555-0101,farzana@example.com
1073,3224,Arka Chatterjee,(303) 555-0100,(303) 555-0101,arka@example.com
1074,3225,Tuulikki Linna,(217) 555-0100,(217) 555-0101,tuulikki@example.com
1075,3226,Daniella Cavalcante,(405) 555-0100,(405) 555-0101,daniella@example.com
1076,3227,Serdar ozden,(319) 555-0100,(319) 555-0101,serdar@example.com
1077,3228,Emma Van Zant,(303) 555-0100,(303) 555-0101,emma@example.com
1078,3229,Veronika Necesana,(218) 555-0100,(218) 555-0101,veronika@example.com
1079,3230,Chompoo Atitarn,(603) 555-0100,(603) 555-0101,chompoo@example.com
1080,3231,Dipti Shah,(216) 555-0100,(216) 555-0101,dipti@example.com
1081,3232,Som Mukherjee,(385) 555-0100,(385) 555-0101,som@example.com
1082,3233,Cuneyt Arslan,(405) 555-0100,(405) 555-0101,cuneyt@example.com
1083,3234,Aishwarya Dantuluri,(209) 555-0100,(209) 555-0101,aishwarya@example.com
1084,3235,Manjunatha Karnik,(405) 555-0100,(405) 555-0101,manjunatha@example.com
1085,3236,Erik Malk,(406) 555-0100,(406) 555-0101,erik@example.com
1086,3237,David Jaramillo,(803) 555-0100,(803) 555-0101,david@example.com
1087,3238,Damodara Trivedi,(210) 555-0100,(210) 555-0101,damodara@example.com
1088,3239,Bhaamini Palagummi,(212) 555-0100,(212) 555-0101,bhaamini@example.com
1089,3240,Damodar Shenoy,(229) 555-0100,(229) 555-0101,damodar@example.com
1090,3241,Tomo Vidovic,(207) 555-0100,(207) 555-0101,tomo@example.com
1091,3242,Nguyen Banh,(239) 555-0100,(239) 555-0101,nguyen@example.com
1092,3243,Raj Verma,(203) 555-0100,(203) 555-0101,raj@example.com
1093,3244,Hanita Nookala,(225) 555-0100,(225) 555-0101,hanita@example.com
1094,3245,Matteo Cattaneo,(229) 555-0100,(229) 555-0101,matteo@example.com
1095,3246,Christian Couet,(212) 555-0100,(212) 555-0101,christian@example.com
1096,3247,Ivana Hadrabova,(603) 555-0100,(603) 555-0101,ivana@example.com
1097,3248,Abhra Ganguly,(212) 555-0100,(212) 555-0101,abhra@example.com
1098,3249,Amet Shergill,(303) 555-0100,(303) 555-0101,amet@example.com
1099,3250,Amrita Ganguly,(787) 555-0100,(787) 555-0101,amrita@example.com
1100,3251,Sylvie Laramee,(787) 555-0100,(787) 555-0101,sylvie@example.com
1101,3252,Ian Olofsson,(339) 555-0100,(339) 555-0101,ian@example.com
1102,3253,Luis Saucedo,(210) 555-0100,(210) 555-0101,luis@example.com
1103,3254,Emma Salpa,(205) 555-0100,(205) 555-0101,emma@example.com
1104,3255,Adriana Pena,(252) 555-0100,(252) 555-0101,adriana@example.com
1105,3256,Kalyani Benjaree,(212) 555-0100,(212) 555-0101,kalyani@example.com
1106,3257,Ganesh Majumdar,(217) 555-0100,(217) 555-0101,ganesh@example.com
1107,3258,Jaroslav Fisar,(215) 555-0100,(215) 555-0101,jaroslav@example.com
1108,3259,Jibek Juniskyzy,(217) 555-0100,(217) 555-0101,jibek@example.com
1109,3260,Anand Mudaliyar,(206) 555-0100,(206) 555-0101,anand@example.com
1110,3261,Agrita Abele,(206) 555-0100,(206) 555-0101,agrita@example.com
